version_id,document_id,competitor,source_type,overall_decision,reason_codes,raw_path,url,review_agent,reviewed_at
ver_fc7d3e9c10bac3dca3b31a57,doc_001516c2a8004ee7b354c949,CodeGeeX,github_issue,NEEDS_REVIEW,"[""NO_DIMENSION_LABEL""]",data/raw/codegeex/github_issue/20260717T031124Z_6bad9f7c/fa9a561dfdd23121e6cc0471.json,https://github.com/zai-org/CodeGeeX/issues/277,codex-ai-precheck,2026-07-17T03:41:27.953526Z
ver_7ab68d395d95220a2a462696,doc_02d89c2f610eb980065607c9,CodeGeeX,github_issue,NEEDS_REVIEW,"[""NO_DIMENSION_LABEL"", ""CONTENT_TOO_SHORT""]",data/raw/codegeex/github_issue/20260717T031124Z_6bad9f7c/e54fd0be41ba66d3022a71a4.json,https://github.com/zai-org/CodeGeeX4/issues/134,codex-ai-precheck,2026-07-17T03:41:27.953526Z
ver_e838f3e477c73c9cef6cff4e,doc_03b7232a7650beeaff992ca1,CodeGeeX,github_issue,NEEDS_REVIEW,"[""NO_DIMENSION_LABEL"", ""SENSITIVE_PHONE""]",data/raw/codegeex/github_issue/20260717T031124Z_6bad9f7c/cb2bbac29d082ed0f51ed708.json,https://github.com/zai-org/CodeGeeX4/issues/153,codex-ai-precheck,2026-07-17T03:41:27.953526Z
ver_1769f3166904346830bf2fc5,doc_05a481ef3a52e8096e6d8e27,CodeGeeX,github_issue,NEEDS_REVIEW,"[""NO_DIMENSION_LABEL"", ""CONTENT_TOO_SHORT""]",data/raw/codegeex/github_issue/20260717T031124Z_6bad9f7c/ec520259059818b47fb5bca2.json,https://github.com/zai-org/CodeGeeX/issues/294,codex-ai-precheck,2026-07-17T03:41:27.953526Z
ver_bc7fcf52e23cb22623e6e297,doc_1165254a43df4f1419eb8f96,CodeGeeX,github_issue,NEEDS_REVIEW,"[""NO_DIMENSION_LABEL"", ""CONTENT_TOO_SHORT""]",data/raw/codegeex/github_issue/20260717T031124Z_6bad9f7c/e9671441bef39efb68e41d3b.json,https://github.com/zai-org/CodeGeeX4/issues/142,codex-ai-precheck,2026-07-17T03:41:27.953526Z
ver_beacb3e7b79f0ad1887e4b73,doc_1b6f8aa6d61027543dc6fe12,CodeGeeX,github_issue,NEEDS_REVIEW,"[""NO_DIMENSION_LABEL"", ""SENSITIVE_PHONE""]",data/raw/codegeex/github_issue/20260713T162601Z_fda2c425/017bad97c25cf72b57d28c56.json,https://github.com/zai-org/CodeGeeX/issues/252,codex-ai-precheck,2026-07-17T03:41:27.953526Z
ver_924502cedbc1d3a50704f082,doc_2520ba6afdabe69b4f8a8f54,CodeGeeX,github_issue,NEEDS_REVIEW,"[""SENSITIVE_PHONE"", ""SENSITIVE_LONG_NUMBER""]",data/raw/codegeex/github_issue/20260717T031124Z_6bad9f7c/1adbc9b18a8c99d9f05dae93.json,https://github.com/zai-org/CodeGeeX4/issues/137,codex-ai-precheck,2026-07-17T03:41:27.953526Z
ver_5774a174fee5a3f770924c86,doc_2b2a2d4018281c52d242d1be,CodeGeeX,github_issue,NEEDS_REVIEW,"[""SENSITIVE_PHONE""]",data/raw/codegeex/github_issue/20260717T031124Z_6bad9f7c/b0dbfaddf6ad56ab1543937b.json,https://github.com/zai-org/CodeGeeX4/issues/147,codex-ai-precheck,2026-07-17T03:41:27.953526Z
ver_e44711f74bf17cfa29335862,doc_2cb7d8ee98fec329cd761817,CodeGeeX,github_issue,NEEDS_REVIEW,"[""SENSITIVE_PHONE""]",data/raw/codegeex/github_issue/20260717T031124Z_6bad9f7c/2b8f8882233c011d51c3dd0c.json,https://github.com/zai-org/CodeGeeX4/issues/112,codex-ai-precheck,2026-07-17T03:41:27.953526Z
ver_51e006f9364c106de732ad5b,doc_2e00dc392eaca7b707ebfbca,CodeGeeX,github_issue,NEEDS_REVIEW,"[""SENSITIVE_PHONE""]",data/raw/codegeex/github_issue/20260717T031124Z_6bad9f7c/db4c1eabcafca93a2c611ea1.json,https://github.com/zai-org/CodeGeeX4/issues/104,codex-ai-precheck,2026-07-17T03:41:27.953526Z
ver_9e722c34089e71d6e5d7333a,doc_3c133cd80c206b80a09fa0a4,CodeGeeX,github_issue,NEEDS_REVIEW,"[""SENSITIVE_PHONE""]",data/raw/codegeex/github_issue/20260717T031124Z_6bad9f7c/5764036983dae71c45a59ad7.json,https://github.com/zai-org/CodeGeeX4/issues/121,codex-ai-precheck,2026-07-17T03:41:27.953526Z
ver_029f76771a973db609f5cca5,doc_422f770c64ac9c16448a2edc,CodeGeeX,github_issue,NEEDS_REVIEW,"[""CONTENT_TOO_SHORT""]",data/raw/codegeex/github_issue/20260717T031124Z_6bad9f7c/6574bc4c619e36576c839c13.json,https://github.com/zai-org/CodeGeeX4/issues/120,codex-ai-precheck,2026-07-17T03:41:27.953526Z
ver_6b633a29e8e95e75d8545cee,doc_44a7badf8a026198b105df87,CodeGeeX,github_issue,NEEDS_REVIEW,"[""SENSITIVE_PHONE""]",data/raw/codegeex/github_issue/20260717T031124Z_6bad9f7c/19c3a2ac2a2a65427e35b51e.json,https://github.com/zai-org/CodeGeeX4/issues/131,codex-ai-precheck,2026-07-17T03:41:27.953526Z
ver_41c9e07af2494e95de1c1a37,doc_49aab8798d40135007c054f4,CodeGeeX,github_issue,NEEDS_REVIEW,"[""NO_DIMENSION_LABEL"", ""CONTENT_TOO_SHORT""]",data/raw/codegeex/github_issue/20260717T031124Z_6bad9f7c/01aa2d0a7b8d4a76b7159250.json,https://github.com/zai-org/CodeGeeX4/issues/126,codex-ai-precheck,2026-07-17T03:41:27.953526Z
ver_5869711dcacd667acdbbaf60,doc_4d0602486c2cb7d8f9c0780a,CodeGeeX,github_issue,NEEDS_REVIEW,"[""NO_DIMENSION_LABEL""]",data/raw/codegeex/github_issue/20260717T031124Z_6bad9f7c/94f5041808015b92d84691cb.json,https://github.com/zai-org/CodeGeeX4/issues/160,codex-ai-precheck,2026-07-17T03:41:27.953526Z
ver_83e6149ad28afb1243915b0d,doc_5bc18e871edb207bb42931a9,CodeGeeX,github_issue,NEEDS_REVIEW,"[""SENSITIVE_PHONE""]",data/raw/codegeex/github_issue/20260717T031124Z_6bad9f7c/547ea01f063f0681ae200039.json,https://github.com/zai-org/CodeGeeX/issues/274,codex-ai-precheck,2026-07-17T03:41:27.953526Z
ver_1691b4e91a6ea989059f59ec,doc_679c423086d6e742303ba5db,CodeGeeX,github_issue,NEEDS_REVIEW,"[""NO_DIMENSION_LABEL"", ""CONTENT_TOO_SHORT""]",data/raw/codegeex/github_issue/20260717T031124Z_6bad9f7c/a631d92145a4f454a015c404.json,https://github.com/zai-org/CodeGeeX4/issues/144,codex-ai-precheck,2026-07-17T03:41:27.953526Z
ver_c2a82aa44738749114d8487d,doc_6be42ce68f59df5896daf2f0,CodeGeeX,github_issue,NEEDS_REVIEW,"[""SENSITIVE_PHONE""]",data/raw/codegeex/github_issue/20260717T031124Z_6bad9f7c/72867dedae15a473df59c045.json,https://github.com/zai-org/CodeGeeX4/issues/103,codex-ai-precheck,2026-07-17T03:41:27.953526Z
ver_6379da5081909d4d972e6d6e,doc_6ecef263e02ad8fe28a54a98,CodeGeeX,github_issue,NEEDS_REVIEW,"[""NO_DIMENSION_LABEL""]",data/raw/codegeex/github_issue/20260717T031124Z_6bad9f7c/b3ff74e520d86559590ce1dd.json,https://github.com/zai-org/CodeGeeX/issues/300,codex-ai-precheck,2026-07-17T03:41:27.953526Z
ver_b3c2275977539e14923034fb,doc_6fc7138f0dd4db1848553df9,CodeGeeX,github_issue,NEEDS_REVIEW,"[""NO_DIMENSION_LABEL"", ""CONTENT_TOO_SHORT""]",data/raw/codegeex/github_issue/20260717T031124Z_6bad9f7c/294562e6bd8ff603f586fa0e.json,https://github.com/zai-org/CodeGeeX/issues/296,codex-ai-precheck,2026-07-17T03:41:27.953526Z
ver_73a8660c3b18d076d579ce5b,doc_7287b6b1dfbdb42cb75be360,CodeGeeX,github_issue,NEEDS_REVIEW,"[""SENSITIVE_PHONE""]",data/raw/codegeex/github_issue/20260717T031124Z_6bad9f7c/357f13eb51894ef59e096e21.json,https://github.com/zai-org/CodeGeeX4/issues/165,codex-ai-precheck,2026-07-17T03:41:27.953526Z
ver_acb607ea0cb484a352a651a0,doc_77b557f5566d1b1333a9f148,CodeGeeX,github_issue,NEEDS_REVIEW,"[""CONTENT_TOO_SHORT""]",data/raw/codegeex/github_issue/20260717T031124Z_6bad9f7c/c6b34f635dc44f4e7a2a1252.json,https://github.com/zai-org/CodeGeeX4/issues/146,codex-ai-precheck,2026-07-17T03:41:27.953526Z
ver_768d1a4ed46ccdd08d57c201,doc_7f82e62255ea58ae9402595a,CodeGeeX,github_issue,NEEDS_REVIEW,"[""SENSITIVE_PHONE""]",data/raw/codegeex/github_issue/20260717T031124Z_6bad9f7c/261bc5a838e4e024e2c6413e.json,https://github.com/zai-org/CodeGeeX4/issues/140,codex-ai-precheck,2026-07-17T03:41:27.953526Z
ver_e20a3554f4f4958757d789c6,doc_80ad8160ed8d3e459b5a8414,CodeGeeX,github_issue,NEEDS_REVIEW,"[""SENSITIVE_PHONE""]",data/raw/codegeex/github_issue/20260717T031124Z_6bad9f7c/6fb56ab6376074d25af1c7f4.json,https://github.com/zai-org/CodeGeeX/issues/279,codex-ai-precheck,2026-07-17T03:41:27.953526Z
ver_bdc116a21d75b28adc4e639d,doc_810e9243f94afd369c7b9170,CodeGeeX,github_issue,NEEDS_REVIEW,"[""NO_DIMENSION_LABEL""]",data/raw/codegeex/github_issue/20260717T031124Z_6bad9f7c/b98d759badb8805e38016a77.json,https://github.com/zai-org/CodeGeeX4/issues/128,codex-ai-precheck,2026-07-17T03:41:27.953526Z
ver_ce1f5153e47d3d0dc548c4f6,doc_89031c0167311bcd66ee7c73,CodeGeeX,github_issue,NEEDS_REVIEW,"[""SENSITIVE_PHONE""]",data/raw/codegeex/github_issue/20260717T031124Z_6bad9f7c/0e32ee5409eab46cc84d1229.json,https://github.com/zai-org/CodeGeeX4/issues/123,codex-ai-precheck,2026-07-17T03:41:27.953526Z
ver_63d92921da2009a4830feb8b,doc_89cb34c163f31545e9901e3f,CodeGeeX,github_issue,NEEDS_REVIEW,"[""NO_DIMENSION_LABEL""]",data/raw/codegeex/github_issue/20260717T031124Z_6bad9f7c/3bee23e6975eca3ca0008f9e.json,https://github.com/zai-org/CodeGeeX/issues/299,codex-ai-precheck,2026-07-17T03:41:27.953526Z
ver_c46d95f6436a019d7fc7a060,doc_8e2194c3bfd1e9279bfd49c6,CodeGeeX,github_issue,NEEDS_REVIEW,"[""SENSITIVE_PHONE"", ""SENSITIVE_LOCAL_USER_PATH""]",data/raw/codegeex/github_issue/20260717T031124Z_6bad9f7c/145a3c2b70c78d4250448b97.json,https://github.com/zai-org/CodeGeeX4/issues/141,codex-ai-precheck,2026-07-17T03:41:27.953526Z
ver_c06e44a90cd35bdc03ad07c1,doc_90d9f4494f67db0b41f3b42a,CodeGeeX,github_issue,NEEDS_REVIEW,"[""SENSITIVE_PHONE""]",data/raw/codegeex/github_issue/20260717T031124Z_6bad9f7c/dd737bb29615acdc8148c4c8.json,https://github.com/zai-org/CodeGeeX4/issues/155,codex-ai-precheck,2026-07-17T03:41:27.953526Z
ver_8329d58f051e02bff931cc8f,doc_98ee6da02d14ae532cac6a32,CodeGeeX,github_issue,NEEDS_REVIEW,"[""NO_DIMENSION_LABEL""]",data/raw/codegeex/github_issue/20260717T031124Z_6bad9f7c/72836236d75a4b343a145a9c.json,https://github.com/zai-org/CodeGeeX4/issues/167,codex-ai-precheck,2026-07-17T03:41:27.953526Z
ver_119c892e3f63b68525165a4a,doc_9cb6de189d7ca6fc379231a4,CodeGeeX,github_issue,NEEDS_REVIEW,"[""NO_DIMENSION_LABEL"", ""SENSITIVE_PHONE""]",data/raw/codegeex/github_issue/20260717T031124Z_6bad9f7c/902c93461e2212424593074f.json,https://github.com/zai-org/CodeGeeX/issues/90,codex-ai-precheck,2026-07-17T03:41:27.953526Z
ver_033518861f668b4c542effa1,doc_9f4b7aa76fcc57a73cf1d64e,CodeGeeX,github_issue,NEEDS_REVIEW,"[""SENSITIVE_PHONE""]",data/raw/codegeex/github_issue/20260717T031124Z_6bad9f7c/125f80dee994e522906240a8.json,https://github.com/zai-org/CodeGeeX4/issues/132,codex-ai-precheck,2026-07-17T03:41:27.953526Z
ver_d904d72884c65058671d24c9,doc_a94b122be47aa148faa24765,CodeGeeX,github_issue,NEEDS_REVIEW,"[""SENSITIVE_PHONE""]",data/raw/codegeex/github_issue/20260717T031124Z_6bad9f7c/88a542048da720bffe4f5f4c.json,https://github.com/zai-org/CodeGeeX4/issues/114,codex-ai-precheck,2026-07-17T03:41:27.953526Z
ver_f1152ce1b3531f363dfff764,doc_b286dc0e67e71b4d98a84254,CodeGeeX,github_issue,NEEDS_REVIEW,"[""NO_DIMENSION_LABEL"", ""SENSITIVE_PHONE""]",data/raw/codegeex/github_issue/20260717T031124Z_6bad9f7c/1a5f800d4bcb9b3d52a65971.json,https://github.com/zai-org/CodeGeeX4/issues/129,codex-ai-precheck,2026-07-17T03:41:27.953526Z
ver_38ebaec709f364e57fd2e451,doc_bb355dc5bc631807f4e39c97,CodeGeeX,github_issue,NEEDS_REVIEW,"[""CONTENT_TOO_SHORT""]",data/raw/codegeex/github_issue/20260717T031124Z_6bad9f7c/fdea64bea1725513248ab761.json,https://github.com/zai-org/CodeGeeX4/issues/133,codex-ai-precheck,2026-07-17T03:41:27.953526Z
ver_64f6b3dfa7162f06a77e0f4e,doc_bc2ea117373a5aa5e7fbef5a,CodeGeeX,github_issue,NEEDS_REVIEW,"[""SENSITIVE_PHONE""]",data/raw/codegeex/github_issue/20260717T031124Z_6bad9f7c/300cc2fdd833ece3ec150b0a.json,https://github.com/zai-org/CodeGeeX/issues/270,codex-ai-precheck,2026-07-17T03:41:27.953526Z
ver_f27c9d2a11f3202ffed1ff61,doc_c69e3780e9a9c1dd52e6db7e,CodeGeeX,github_issue,NEEDS_REVIEW,"[""SENSITIVE_PHONE""]",data/raw/codegeex/github_issue/20260717T031124Z_6bad9f7c/bc2c8fd71779494ef45e2181.json,https://github.com/zai-org/CodeGeeX/issues/264,codex-ai-precheck,2026-07-17T03:41:27.953526Z
ver_c6c1762ee0ae46d222d91259,doc_e16dc8410cf146e7ead53b03,CodeGeeX,github_issue,NEEDS_REVIEW,"[""SENSITIVE_PHONE""]",data/raw/codegeex/github_issue/20260717T031124Z_6bad9f7c/81aadd2a4be0797eee5ba765.json,https://github.com/zai-org/CodeGeeX4/issues/156,codex-ai-precheck,2026-07-17T03:41:27.953526Z
ver_1c3f748bc736c4076381391b,doc_e2c8ac7c2c2d72e9643995fa,CodeGeeX,github_issue,NEEDS_REVIEW,"[""NO_DIMENSION_LABEL"", ""CONTENT_TOO_SHORT""]",data/raw/codegeex/github_issue/20260717T031124Z_6bad9f7c/885e0cf17a7d001f7793a3de.json,https://github.com/zai-org/CodeGeeX4/issues/145,codex-ai-precheck,2026-07-17T03:41:27.953526Z
ver_794615cb745cf7ccfcccf0c8,doc_e9c2dab8efe5b0a1e5470895,CodeGeeX,github_issue,NEEDS_REVIEW,"[""NO_DIMENSION_LABEL"", ""CONTENT_TOO_SHORT""]",data/raw/codegeex/github_issue/20260717T031124Z_6bad9f7c/4b44c0e454a2ef8a77a59f68.json,https://github.com/zai-org/CodeGeeX4/issues/139,codex-ai-precheck,2026-07-17T03:41:27.953526Z
ver_f812b646d79665bc8c4adf75,doc_f2297c5da222ed0a11415844,CodeGeeX,github_issue,NEEDS_REVIEW,"[""NO_DIMENSION_LABEL""]",data/raw/codegeex/github_issue/20260717T031124Z_6bad9f7c/7a333bbfc2345e9b7ef27ca2.json,https://github.com/zai-org/CodeGeeX4/issues/166,codex-ai-precheck,2026-07-17T03:41:27.953526Z
ver_a4a66f4c7bdac7d28160c3af,doc_f7112ada8b8a2bb261ab3e2c,CodeGeeX,github_issue,NEEDS_REVIEW,"[""NO_DIMENSION_LABEL"", ""SENSITIVE_PHONE""]",data/raw/codegeex/github_issue/20260717T031124Z_6bad9f7c/d4ca400755314d95d7ab0b07.json,https://github.com/zai-org/CodeGeeX4/issues/159,codex-ai-precheck,2026-07-17T03:41:27.953526Z
ver_5c5378cbbbb0e53785dc468b,doc_f8a2eaca46d39244a5479e40,CodeGeeX,github_issue,NEEDS_REVIEW,"[""NOISE_REPEATED_LINE"", ""SENSITIVE_PHONE""]",data/raw/codegeex/github_issue/20260717T031124Z_6bad9f7c/9ef240e80cc6b05527eb9cf7.json,https://github.com/zai-org/CodeGeeX/issues/275,codex-ai-precheck,2026-07-17T03:41:27.953526Z
ver_cc841a5e90dea26e1314c549,doc_faeca8021339c88086dd0dc3,CodeGeeX,github_issue,NEEDS_REVIEW,"[""SENSITIVE_PHONE""]",data/raw/codegeex/github_issue/20260717T031124Z_6bad9f7c/2c5c117b8b21af196702c9da.json,https://github.com/zai-org/CodeGeeX4/issues/161,codex-ai-precheck,2026-07-17T03:41:27.953526Z
ver_1a2bd0f985934fede0f6067c,doc_0665ea37b8b96cc14c802a1f,GitHub Copilot,github_issue,NEEDS_REVIEW,"[""SENSITIVE_PHONE""]",data/raw/github_copilot/github_issue/20260717T031124Z_6bad9f7c/74be6d2a3e570db296ced16d.json,https://github.com/microsoft/vscode-copilot-chat/issues/5097,codex-ai-precheck,2026-07-17T03:41:27.953526Z
ver_16f351ce3bc663e03d6f5a34,doc_4783cb787e6140e7d3488dcf,GitHub Copilot,github_issue,NEEDS_REVIEW,"[""SENSITIVE_PHONE""]",data/raw/github_copilot/github_issue/20260717T031124Z_6bad9f7c/4be7f6b28a5070705f634bf6.json,https://github.com/microsoft/vscode-copilot-chat/issues/5098,codex-ai-precheck,2026-07-17T03:41:27.953526Z
ver_f04d6fe8e5873e3cf761c08e,doc_629f20c4683b58d96d6b2bf1,GitHub Copilot,github_issue,NEEDS_REVIEW,"[""SENSITIVE_PHONE""]",data/raw/github_copilot/github_issue/20260717T031124Z_6bad9f7c/8eab65fbf88b2257cad53e38.json,https://github.com/microsoft/vscode-copilot-chat/issues/5101,codex-ai-precheck,2026-07-17T03:41:27.953526Z
ver_7111966858373a8ecb28266f,doc_6d3b416d4f3716ed2c18281a,GitHub Copilot,github_issue,NEEDS_REVIEW,"[""SENSITIVE_PHONE""]",data/raw/github_copilot/github_issue/20260717T031124Z_6bad9f7c/11159765c9fa161c17235526.json,https://github.com/microsoft/vscode-copilot-chat/issues/5100,codex-ai-precheck,2026-07-17T03:41:27.953526Z
ver_4d53c74312c7eb6983c8216f,doc_6d7919e5aa9a871f58172880,GitHub Copilot,github_issue,NEEDS_REVIEW,"[""SENSITIVE_PHONE""]",data/raw/github_copilot/github_issue/20260717T031124Z_6bad9f7c/8fb56fd6499b404d9b9b1530.json,https://github.com/microsoft/vscode-copilot-chat/issues/5099,codex-ai-precheck,2026-07-17T03:41:27.953526Z
ver_3aaff008ff174fe492db9ac6,doc_711d55127b9526c95bd356a6,GitHub Copilot,github_issue,NEEDS_REVIEW,"[""SENSITIVE_PHONE""]",data/raw/github_copilot/github_issue/20260717T031124Z_6bad9f7c/544ea9532e9df60511be9608.json,https://github.com/microsoft/vscode-copilot-chat/issues/5113,codex-ai-precheck,2026-07-17T03:41:27.953526Z
ver_14e38e9e5b0668d293b7a71f,doc_7c2cb35a2d230e0102f94ab0,GitHub Copilot,github_issue,NEEDS_REVIEW,"[""SENSITIVE_PHONE""]",data/raw/github_copilot/github_issue/20260717T031124Z_6bad9f7c/995f03121144316d9002617c.json,https://github.com/microsoft/vscode-copilot-chat/issues/5087,codex-ai-precheck,2026-07-17T03:41:27.953526Z
ver_061401111afc20ad6f6ce24e,doc_9a54a818a3c0010bba3cde58,GitHub Copilot,github_issue,NEEDS_REVIEW,"[""SENSITIVE_PHONE""]",data/raw/github_copilot/github_issue/20260717T031124Z_6bad9f7c/a06152698ff209df8d9321f0.json,https://github.com/microsoft/vscode-copilot-chat/issues/5085,codex-ai-precheck,2026-07-17T03:41:27.953526Z
ver_cc776e9315530d12af24f3c0,doc_b6ec493f642eacbccad7c6f8,GitHub Copilot,github_issue,NEEDS_REVIEW,"[""SENSITIVE_PHONE""]",data/raw/github_copilot/github_issue/20260717T031124Z_6bad9f7c/6cf5c6ffdd6bf0a34d4dc683.json,https://github.com/microsoft/vscode-copilot-chat/issues/5088,codex-ai-precheck,2026-07-17T03:41:27.953526Z
ver_9f2b74b9971a378e14d7be38,doc_c89a5a2a4003dc89989c7bda,GitHub Copilot,github_issue,NEEDS_REVIEW,"[""SENSITIVE_PHONE""]",data/raw/github_copilot/github_issue/20260717T031124Z_6bad9f7c/0659fc732acfa83fda54ae5b.json,https://github.com/microsoft/vscode-copilot-chat/issues/5086,codex-ai-precheck,2026-07-17T03:41:27.953526Z
ver_1ce9c7649482e1ba82b59300,doc_cbd4d2f549dcce03f79d3c0b,GitHub Copilot,github_issue,NEEDS_REVIEW,"[""SENSITIVE_PHONE""]",data/raw/github_copilot/github_issue/20260717T031124Z_6bad9f7c/780f4f0948f4c8a7e26bcbc3.json,https://github.com/microsoft/vscode-copilot-chat/issues/5091,codex-ai-precheck,2026-07-17T03:41:27.953526Z
ver_0c9aeaf49211ee0a45213861,doc_ebcd252e4bfeb1d3a32a9d96,GitHub Copilot,github_issue,NEEDS_REVIEW,"[""SENSITIVE_PHONE""]",data/raw/github_copilot/github_issue/20260717T031124Z_6bad9f7c/e27543ace5cb3b371fd5e896.json,https://github.com/microsoft/vscode-copilot-chat/issues/5118,codex-ai-precheck,2026-07-17T03:41:27.953526Z
ver_0bd940e8c6cb2b7d223a471e,doc_f6cab1d145390bc5c7db7cb8,GitHub Copilot,github_issue,NEEDS_REVIEW,"[""SENSITIVE_PHONE""]",data/raw/github_copilot/github_issue/20260717T031124Z_6bad9f7c/269b62781152b8d070abf84b.json,https://github.com/microsoft/vscode-copilot-chat/issues/5110,codex-ai-precheck,2026-07-17T03:41:27.953526Z
ver_cb8de5e94628823471af5e97,doc_f6cae923970ab37816e2cc19,GitHub Copilot,github_issue,NEEDS_REVIEW,"[""SENSITIVE_PHONE""]",data/raw/github_copilot/github_issue/20260717T031124Z_6bad9f7c/aa062e7d26cef878938f56e4.json,https://github.com/microsoft/vscode-copilot-chat/issues/5103,codex-ai-precheck,2026-07-17T03:41:27.953526Z
ver_b81e5d82a3cf3fcfdb90ff9a,doc_00c0aa021ee9a36ce0444414,GitHub Copilot,github_release,NEEDS_REVIEW,"[""SENSITIVE_PHONE""]",data/raw/github_copilot/github_release/20260717T031124Z_6bad9f7c/88e1520d9ae079be7312b7a9.json,https://github.com/microsoft/vscode-copilot-chat/releases/tag/v0.38.2026022702,codex-ai-precheck,2026-07-17T03:41:27.953526Z
ver_be3565ccf3f6f5a298d0835e,doc_00caf0bddf29d2222db046b1,GitHub Copilot,github_release,NEEDS_REVIEW,"[""SENSITIVE_PHONE""]",data/raw/github_copilot/github_release/20260717T031124Z_6bad9f7c/ce5fef55e49a4fbcf1602c4c.json,https://github.com/microsoft/vscode-copilot-chat/releases/tag/v0.30.2025072901,codex-ai-precheck,2026-07-17T03:41:27.953526Z
ver_e9562d21c6aeaab1bec5c0ff,doc_00d935599a7ebde840dffbe0,GitHub Copilot,github_release,NEEDS_REVIEW,"[""SENSITIVE_PHONE""]",data/raw/github_copilot/github_release/20260717T031124Z_6bad9f7c/78a3debaea736bc001a74d1a.json,https://github.com/microsoft/vscode-copilot-chat/releases/tag/v0.37.2026012901,codex-ai-precheck,2026-07-17T03:41:27.953526Z
ver_717726366d7e72ae07938f24,doc_023c0447193015c54ed7f9d5,GitHub Copilot,github_release,NEEDS_REVIEW,"[""NO_DIMENSION_LABEL"", ""CONTENT_TOO_SHORT"", ""SENSITIVE_PHONE""]",data/raw/github_copilot/github_release/20260717T031124Z_6bad9f7c/7764e4b79f82815aba33321a.json,https://github.com/microsoft/vscode-copilot-chat/releases/tag/v0.41.2026031903,codex-ai-precheck,2026-07-17T03:41:27.953526Z
ver_13eea5c816849f52675e8c05,doc_0352ea96ea3228dd732103d9,GitHub Copilot,github_release,NEEDS_REVIEW,"[""SENSITIVE_PHONE""]",data/raw/github_copilot/github_release/20260717T031124Z_6bad9f7c/0fa216eef552a481d848589d.json,https://github.com/microsoft/vscode-copilot-chat/releases/tag/v0.38.2026021105,codex-ai-precheck,2026-07-17T03:41:27.953526Z
ver_04a24dbd2a7d3a17a295ed12,doc_03e47a7b9f012c2163f6eae7,GitHub Copilot,github_release,NEEDS_REVIEW,"[""SENSITIVE_PHONE""]",data/raw/github_copilot/github_release/20260717T031124Z_6bad9f7c/0043f3b4a23c7f7b3efb2d17.json,https://github.com/microsoft/vscode-copilot-chat/releases/tag/v0.30.2025072201,codex-ai-precheck,2026-07-17T03:41:27.953526Z
ver_356ac433d452ebe64db45aef,doc_04f5b6fdd495ab472bd2545a,GitHub Copilot,github_release,NEEDS_REVIEW,"[""SENSITIVE_PHONE""]",data/raw/github_copilot/github_release/20260717T031124Z_6bad9f7c/bff68f987b5f515db3e64448.json,https://github.com/microsoft/vscode-copilot-chat/releases/tag/v0.37.2026020302,codex-ai-precheck,2026-07-17T03:41:27.953526Z
ver_64c9dec884e223f919561d8f,doc_06a9b3ab4ebe7fa8e9b32c15,GitHub Copilot,github_release,NEEDS_REVIEW,"[""SENSITIVE_PHONE""]",data/raw/github_copilot/github_release/20260717T031124Z_6bad9f7c/7761ed4ec2ae628f02592e76.json,https://github.com/microsoft/vscode-copilot-chat/releases/tag/v0.34.2025112001,codex-ai-precheck,2026-07-17T03:41:27.953526Z
ver_61906ef91586ff040a05dc1a,doc_06dea2f9a82953b498c8c835,GitHub Copilot,github_release,NEEDS_REVIEW,"[""NO_DIMENSION_LABEL"", ""CONTENT_TOO_SHORT"", ""SENSITIVE_PHONE""]",data/raw/github_copilot/github_release/20260717T031124Z_6bad9f7c/279bdc5479d0d774e5672cd7.json,https://github.com/microsoft/vscode-copilot-chat/releases/tag/v0.32.2025091102,codex-ai-precheck,2026-07-17T03:41:27.953526Z
ver_9c858cab7bd39ab2c4d19170,doc_0a31cbb57eeec2c347555a4d,GitHub Copilot,github_release,NEEDS_REVIEW,"[""SENSITIVE_PHONE""]",data/raw/github_copilot/github_release/20260717T031124Z_6bad9f7c/53a06d4fee7e67d09b919a2c.json,https://github.com/microsoft/vscode-copilot-chat/releases/tag/v0.31.2025081203,codex-ai-precheck,2026-07-17T03:41:27.953526Z
ver_4100122c0d46eafa83f58bb1,doc_0c0625cde08b9097c0b3653b,GitHub Copilot,github_release,NEEDS_REVIEW,"[""SENSITIVE_PHONE""]",data/raw/github_copilot/github_release/20260717T031124Z_6bad9f7c/efb4c86e6abcf01643b3f001.json,https://github.com/microsoft/vscode-copilot-chat/releases/tag/v0.37.2026012003,codex-ai-precheck,2026-07-17T03:41:27.953526Z
ver_8fbc3f87cebe33bb0d2a49f6,doc_0d51236e8b7821dad7ac74d8,GitHub Copilot,github_release,NEEDS_REVIEW,"[""SENSITIVE_PHONE""]",data/raw/github_copilot/github_release/20260717T031124Z_6bad9f7c/ce3b427890f8cb7ac62c6ecf.json,https://github.com/microsoft/vscode-copilot-chat/releases/tag/v0.33.2025103102,codex-ai-precheck,2026-07-17T03:41:27.953526Z
ver_eacc570252d83ad542d668f4,doc_0eaf1284a53f5732f224130c,GitHub Copilot,github_release,NEEDS_REVIEW,"[""NO_DIMENSION_LABEL"", ""CONTENT_TOO_SHORT"", ""SENSITIVE_PHONE""]",data/raw/github_copilot/github_release/20260717T031124Z_6bad9f7c/38f24b5c5f3af15625173f87.json,https://github.com/microsoft/vscode-copilot-chat/releases/tag/v0.34.2025120502,codex-ai-precheck,2026-07-17T03:41:27.953526Z
ver_eecc3e83f6c02dcb55530511,doc_0f1c7d374eba8d1c121226a9,GitHub Copilot,github_release,NEEDS_REVIEW,"[""NO_DIMENSION_LABEL"", ""CONTENT_TOO_SHORT"", ""SENSITIVE_PHONE""]",data/raw/github_copilot/github_release/20260717T031124Z_6bad9f7c/2bf30f4a607b980aaa2b55ca.json,https://github.com/microsoft/vscode-copilot-chat/releases/tag/v0.31.2025082701,codex-ai-precheck,2026-07-17T03:41:27.953526Z
ver_89afd01ea30082af3fc75875,doc_0fbadd6860de1ca89d682bde,GitHub Copilot,github_release,NEEDS_REVIEW,"[""NO_DIMENSION_LABEL"", ""SENSITIVE_PHONE""]",data/raw/github_copilot/github_release/20260717T031124Z_6bad9f7c/f962db8081c00cb9e32a4cc8.json,https://github.com/microsoft/vscode-copilot-chat/releases/tag/v0.34.2025111803,codex-ai-precheck,2026-07-17T03:41:27.953526Z
ver_d95e98ebd468753acb93936b,doc_109e631a89121396ac69f019,GitHub Copilot,github_release,NEEDS_REVIEW,"[""NO_DIMENSION_LABEL""]",data/raw/github_copilot/github_release/20260717T031124Z_6bad9f7c/6d25259bc18688f39ce2929d.json,https://github.com/microsoft/vscode-copilot-chat/releases/tag/v0.41.2,codex-ai-precheck,2026-07-17T03:41:27.953526Z
ver_5de048ab3956e328f1de46d7,doc_1130062ce68954aeb8b0df0c,GitHub Copilot,github_release,NEEDS_REVIEW,"[""SENSITIVE_PHONE""]",data/raw/github_copilot/github_release/20260717T031124Z_6bad9f7c/0b5e3d20a3e3647417e769f0.json,https://github.com/microsoft/vscode-copilot-chat/releases/tag/v0.34.2025112401,codex-ai-precheck,2026-07-17T03:41:27.953526Z
ver_29a40318823912faef5c781d,doc_12680e3f7847681b82be8ed7,GitHub Copilot,github_release,NEEDS_REVIEW,"[""SENSITIVE_PHONE""]",data/raw/github_copilot/github_release/20260717T031124Z_6bad9f7c/9a2fdef604b1c00cb22410cb.json,https://github.com/microsoft/vscode-copilot-chat/releases/tag/v0.38.2026021201,codex-ai-precheck,2026-07-17T03:41:27.953526Z
ver_b8ea1b21a76270987f1647a1,doc_12bc0c04571397eb8594dbfc,GitHub Copilot,github_release,NEEDS_REVIEW,"[""SENSITIVE_PHONE""]",data/raw/github_copilot/github_release/20260717T031124Z_6bad9f7c/032c3b2042d95e4d162cb802.json,https://github.com/microsoft/vscode-copilot-chat/releases/tag/v0.38.2026020603,codex-ai-precheck,2026-07-17T03:41:27.953526Z
ver_3c808d81d987cf25ee2ee844,doc_13845f0109d4c71ecb0388c7,GitHub Copilot,github_release,NEEDS_REVIEW,"[""SENSITIVE_PHONE""]",data/raw/github_copilot/github_release/20260717T031124Z_6bad9f7c/36a271907306ce478b95287a.json,https://github.com/microsoft/vscode-copilot-chat/releases/tag/v0.32.2025093001,codex-ai-precheck,2026-07-17T03:41:27.953526Z
ver_17caafe22d5daff162d61328,doc_13f4d316f05df935e69380dd,GitHub Copilot,github_release,NEEDS_REVIEW,"[""SENSITIVE_PHONE""]",data/raw/github_copilot/github_release/20260717T031124Z_6bad9f7c/4d98e1fc7925b6d51c9f70c8.json,https://github.com/microsoft/vscode-copilot-chat/releases/tag/v0.41.2026032403,codex-ai-precheck,2026-07-17T03:41:27.953526Z
ver_32ce9969e3268de4d2d79771,doc_148017328e21fe183fa13a32,GitHub Copilot,github_release,NEEDS_REVIEW,"[""SENSITIVE_PHONE""]",data/raw/github_copilot/github_release/20260717T031124Z_6bad9f7c/6369bdf9a75cb3154f8205e8.json,https://github.com/microsoft/vscode-copilot-chat/releases/tag/v0.41.2026032001,codex-ai-precheck,2026-07-17T03:41:27.953526Z
ver_31f00e855814d44d45270048,doc_1519ca8db8b83f88b0c5e849,GitHub Copilot,github_release,NEEDS_REVIEW,"[""SENSITIVE_PHONE""]",data/raw/github_copilot/github_release/20260717T031124Z_6bad9f7c/058052f490eef6a55a4fc5ab.json,https://github.com/microsoft/vscode-copilot-chat/releases/tag/v0.31.2025082904,codex-ai-precheck,2026-07-17T03:41:27.953526Z
ver_0d1e1409c6f1ef43908c4e0a,doc_1637ae4aa2de9f0471faf843,GitHub Copilot,github_release,NEEDS_REVIEW,"[""SENSITIVE_PHONE""]",data/raw/github_copilot/github_release/20260717T031124Z_6bad9f7c/33c20d62b065d12afa03bfee.json,https://github.com/microsoft/vscode-copilot-chat/releases/tag/v0.34.2025111702,codex-ai-precheck,2026-07-17T03:41:27.953526Z
ver_52c6366760e353d0506a487e,doc_17aa47094289416d55267026,GitHub Copilot,github_release,NEEDS_REVIEW,"[""SENSITIVE_PHONE""]",data/raw/github_copilot/github_release/20260717T031124Z_6bad9f7c/527cd207bf76dd9a77a16827.json,https://github.com/microsoft/vscode-copilot-chat/releases/tag/v0.41.2026031803,codex-ai-precheck,2026-07-17T03:41:27.953526Z
ver_bf9f654fb4113e949b94dbc4,doc_18364c6cae4c3b8fd05e1c85,GitHub Copilot,github_release,NEEDS_REVIEW,"[""NO_DIMENSION_LABEL"", ""CONTENT_TOO_SHORT""]",data/raw/github_copilot/github_release/20260717T031124Z_6bad9f7c/09abdd03d22d6367a81c4907.json,https://github.com/microsoft/vscode-copilot-chat/releases/tag/v0.37.0,codex-ai-precheck,2026-07-17T03:41:27.953526Z
ver_37efa2b9019b45f486c20ef1,doc_18ed5bfaeaa441b88f894c74,GitHub Copilot,github_release,NEEDS_REVIEW,"[""SENSITIVE_PHONE""]",data/raw/github_copilot/github_release/20260717T031124Z_6bad9f7c/289f1d38a8a8e0dcb4bb857c.json,https://github.com/microsoft/vscode-copilot-chat/releases/tag/v0.39.2026030604,codex-ai-precheck,2026-07-17T03:41:27.953526Z
ver_8b995192f29a32429f633420,doc_1a1da52b951b4896b606482a,GitHub Copilot,github_release,NEEDS_REVIEW,"[""SENSITIVE_PHONE""]",data/raw/github_copilot/github_release/20260717T031124Z_6bad9f7c/3379f1a5a2a64fea26b23515.json,https://github.com/microsoft/vscode-copilot-chat/releases/tag/v0.38.2026021601,codex-ai-precheck,2026-07-17T03:41:27.953526Z
ver_ed5cde9f55d4835b0746dd9c,doc_1a75818058146012ae1fc1d2,GitHub Copilot,github_release,NEEDS_REVIEW,"[""SENSITIVE_PHONE""]",data/raw/github_copilot/github_release/20260717T031124Z_6bad9f7c/cc415a3b114160f0a0673054.json,https://github.com/microsoft/vscode-copilot-chat/releases/tag/v0.37.2026012902,codex-ai-precheck,2026-07-17T03:41:27.953526Z
ver_7c28646d9f1bbef48214e9b0,doc_1aab2577c2208878ccb2ac47,GitHub Copilot,github_release,NEEDS_REVIEW,"[""NO_DIMENSION_LABEL""]",data/raw/github_copilot/github_release/20260717T031124Z_6bad9f7c/5b37d4c14776313989c7f289.json,https://github.com/microsoft/vscode-copilot-chat/releases/tag/v0.42.3,codex-ai-precheck,2026-07-17T03:41:27.953526Z
ver_23b4e27c49886cd1fad491d3,doc_1ac8a1632fcbfede2edc6531,GitHub Copilot,github_release,NEEDS_REVIEW,"[""NO_DIMENSION_LABEL"", ""CONTENT_TOO_SHORT"", ""SENSITIVE_PHONE""]",data/raw/github_copilot/github_release/20260717T031124Z_6bad9f7c/d1886da279b9034af6e63e6e.json,https://github.com/microsoft/vscode-copilot-chat/releases/tag/v0.36.2026010701,codex-ai-precheck,2026-07-17T03:41:27.953526Z
ver_6b08cb0be8ccdccf43c3f802,doc_1b65ed5a1ed405175f16bf3c,GitHub Copilot,github_release,NEEDS_REVIEW,"[""SENSITIVE_PHONE""]",data/raw/github_copilot/github_release/20260717T031124Z_6bad9f7c/9d31933afdb11031824258f7.json,https://github.com/microsoft/vscode-copilot-chat/releases/tag/v0.38.2026021802,codex-ai-precheck,2026-07-17T03:41:27.953526Z
ver_70a72ea9fe25038a7f56ca6e,doc_1b6dd1a7cbae39df4f2d8405,GitHub Copilot,github_release,NEEDS_REVIEW,"[""NO_DIMENSION_LABEL"", ""SENSITIVE_PHONE""]",data/raw/github_copilot/github_release/20260717T031124Z_6bad9f7c/5547738a445f1601821eb1d9.json,https://github.com/microsoft/vscode-copilot-chat/releases/tag/v0.40.2026031302,codex-ai-precheck,2026-07-17T03:41:27.953526Z
ver_12cc3dd4405b790d14ca5f61,doc_1c467c58ad1ac8f30152babd,GitHub Copilot,github_release,NEEDS_REVIEW,"[""NO_DIMENSION_LABEL""]",data/raw/github_copilot/github_release/20260717T031124Z_6bad9f7c/20880508cdf2b7d4d901bf0a.json,https://github.com/microsoft/vscode-copilot-chat/releases/tag/v0.37.5,codex-ai-precheck,2026-07-17T03:41:27.953526Z
ver_5245d2f004e6dd36153b9b6d,doc_1c701fad0c26f045e1f9bab7,GitHub Copilot,github_release,NEEDS_REVIEW,"[""NO_DIMENSION_LABEL""]",data/raw/github_copilot/github_release/20260717T031124Z_6bad9f7c/c254e18558d8e73f646f3001.json,https://github.com/microsoft/vscode-copilot-chat/releases/tag/v0.37.1,codex-ai-precheck,2026-07-17T03:41:27.953526Z
ver_17752928c4d4788fd896f8f5,doc_1d07cbc34aa4f40edf9cd0fd,GitHub Copilot,github_release,NEEDS_REVIEW,"[""NO_DIMENSION_LABEL"", ""SENSITIVE_PHONE""]",data/raw/github_copilot/github_release/20260717T031124Z_6bad9f7c/52c02ab244ae404ea6606bfe.json,https://github.com/microsoft/vscode-copilot-chat/releases/tag/v0.31.2025090903,codex-ai-precheck,2026-07-17T03:41:27.953526Z
ver_9c97b9f1e3f09c0848c21892,doc_1d46e1a9b8abf88868e7bf93,GitHub Copilot,github_release,NEEDS_REVIEW,"[""NO_DIMENSION_LABEL"", ""SENSITIVE_PHONE""]",data/raw/github_copilot/github_release/20260717T031124Z_6bad9f7c/4c64217824685db679e91746.json,https://github.com/microsoft/vscode-copilot-chat/releases/tag/v0.40.2026031103,codex-ai-precheck,2026-07-17T03:41:27.953526Z
ver_041b9866a5b2d9b97c1a9e4d,doc_1eb8d2f54161c3c1bbac7e94,GitHub Copilot,github_release,NEEDS_REVIEW,"[""SENSITIVE_PHONE""]",data/raw/github_copilot/github_release/20260717T031124Z_6bad9f7c/d2576aa40c5a18c4769bb1bd.json,https://github.com/microsoft/vscode-copilot-chat/releases/tag/v0.38.2026020604,codex-ai-precheck,2026-07-17T03:41:27.953526Z
ver_1612d22f326ebed1f5087856,doc_1ff029c375036a623e2047e3,GitHub Copilot,github_release,NEEDS_REVIEW,"[""SENSITIVE_PHONE""]",data/raw/github_copilot/github_release/20260717T031124Z_6bad9f7c/4d6722f2fb209c2b887ff258.json,https://github.com/microsoft/vscode-copilot-chat/releases/tag/v0.38.2026022601,codex-ai-precheck,2026-07-17T03:41:27.953526Z
ver_fa5924e067d4e26056cc2640,doc_20415bd35605f3b57be3ca83,GitHub Copilot,github_release,NEEDS_REVIEW,"[""NO_DIMENSION_LABEL"", ""CONTENT_TOO_SHORT"", ""SENSITIVE_PHONE""]",data/raw/github_copilot/github_release/20260717T031124Z_6bad9f7c/7beda5d217d00f4eadf504ba.json,https://github.com/microsoft/vscode-copilot-chat/releases/tag/v0.37.2026010802,codex-ai-precheck,2026-07-17T03:41:27.953526Z
ver_ca4afb1b63321ec52a3f87a7,doc_21e9c213df975fc9e2a5c633,GitHub Copilot,github_release,NEEDS_REVIEW,"[""SENSITIVE_PHONE""]",data/raw/github_copilot/github_release/20260717T031124Z_6bad9f7c/8e23ff36738dc5bbaf0511f6.json,https://github.com/microsoft/vscode-copilot-chat/releases/tag/v0.43.2026033101,codex-ai-precheck,2026-07-17T03:41:27.953526Z
ver_fbb16535b67b7ada218cafe5,doc_22c115f5f1c8c733fa455450,GitHub Copilot,github_release,NEEDS_REVIEW,"[""SENSITIVE_PHONE""]",data/raw/github_copilot/github_release/20260717T031124Z_6bad9f7c/d249db857da8b7dc9cff26ef.json,https://github.com/microsoft/vscode-copilot-chat/releases/tag/v0.32.2025092901,codex-ai-precheck,2026-07-17T03:41:27.953526Z
ver_ce5a0188664103cb62105eb3,doc_22c46466e18309d7e2100859,GitHub Copilot,github_release,NEEDS_REVIEW,"[""NO_DIMENSION_LABEL"", ""CONTENT_TOO_SHORT"", ""SENSITIVE_PHONE""]",data/raw/github_copilot/github_release/20260717T031124Z_6bad9f7c/fc16104709f098b3cde0f85f.json,https://github.com/microsoft/vscode-copilot-chat/releases/tag/v0.37.2026013101,codex-ai-precheck,2026-07-17T03:41:27.953526Z
ver_aafb436a5df157795065bf2c,doc_24a5f3330a08f65085109139,GitHub Copilot,github_release,NEEDS_REVIEW,"[""SENSITIVE_PHONE""]",data/raw/github_copilot/github_release/20260717T031124Z_6bad9f7c/f0c0895d72d2422c53c80172.json,https://github.com/microsoft/vscode-copilot-chat/releases/tag/v0.38.2026022704,codex-ai-precheck,2026-07-17T03:41:27.953526Z
ver_88a5d4fc6926406370b6aa36,doc_24d8c11a653527b52070cea5,GitHub Copilot,github_release,NEEDS_REVIEW,"[""SENSITIVE_PHONE""]",data/raw/github_copilot/github_release/20260717T031124Z_6bad9f7c/c259f94e56b8775391ec959d.json,https://github.com/microsoft/vscode-copilot-chat/releases/tag/v0.42.2026032604,codex-ai-precheck,2026-07-17T03:41:27.953526Z
ver_09cb2d6e957de4b94f6ff009,doc_24f23be28d391ba384f9b6f2,GitHub Copilot,github_release,NEEDS_REVIEW,"[""NO_DIMENSION_LABEL"", ""CONTENT_TOO_SHORT"", ""SENSITIVE_PHONE""]",data/raw/github_copilot/github_release/20260717T031124Z_6bad9f7c/164834f58a05837ebd0bf368.json,https://github.com/microsoft/vscode-copilot-chat/releases/tag/v0.32.2025092601,codex-ai-precheck,2026-07-17T03:41:27.953526Z
ver_9f57d1322d90bb52ec846f1a,doc_27c19a2490c9c0868aba6ca3,GitHub Copilot,github_release,NEEDS_REVIEW,"[""SENSITIVE_PHONE""]",data/raw/github_copilot/github_release/20260717T031124Z_6bad9f7c/ebbe169529da56109d385980.json,https://github.com/microsoft/vscode-copilot-chat/releases/tag/v0.36.2025121701,codex-ai-precheck,2026-07-17T03:41:27.953526Z
ver_5ab07d3decbb828f5105b5db,doc_281077c189cb0da364b1ae56,GitHub Copilot,github_release,NEEDS_REVIEW,"[""NO_DIMENSION_LABEL"", ""SENSITIVE_PHONE""]",data/raw/github_copilot/github_release/20260717T031124Z_6bad9f7c/a4293cf8c6a86dd7037e1abc.json,https://github.com/microsoft/vscode-copilot-chat/releases/tag/v0.34.2025111302,codex-ai-precheck,2026-07-17T03:41:27.953526Z
ver_2adb94469d4096e2a31a9e8c,doc_28456850a1e693ecf5564b76,GitHub Copilot,github_release,NEEDS_REVIEW,"[""SENSITIVE_PHONE""]",data/raw/github_copilot/github_release/20260717T031124Z_6bad9f7c/c70f76d815ba59cdbc051538.json,https://github.com/microsoft/vscode-copilot-chat/releases/tag/v0.38.2026021305,codex-ai-precheck,2026-07-17T03:41:27.953526Z
ver_cbcffa23cc9c608f0b88c48c,doc_2a156952abce461fb2c84b4b,GitHub Copilot,github_release,NEEDS_REVIEW,"[""NO_DIMENSION_LABEL"", ""SENSITIVE_PHONE""]",data/raw/github_copilot/github_release/20260717T031124Z_6bad9f7c/f46e0ae0ebb098fd1d608a66.json,https://github.com/microsoft/vscode-copilot-chat/releases/tag/v0.38.2026022505,codex-ai-precheck,2026-07-17T03:41:27.953526Z
ver_d5552339eef3e0b5353435a0,doc_2a17d6251915ca2c17664183,GitHub Copilot,github_release,NEEDS_REVIEW,"[""NO_DIMENSION_LABEL"", ""CONTENT_TOO_SHORT""]",data/raw/github_copilot/github_release/20260717T031124Z_6bad9f7c/9926660b76d4a094b8c241f1.json,https://github.com/microsoft/vscode-copilot-chat/releases/tag/v0.39.0,codex-ai-precheck,2026-07-17T03:41:27.953526Z
ver_83eb49032266dacaa6b7aed6,doc_2a31067e0349bdab04bd032a,GitHub Copilot,github_release,NEEDS_REVIEW,"[""NO_DIMENSION_LABEL"", ""SENSITIVE_PHONE""]",data/raw/github_copilot/github_release/20260717T031124Z_6bad9f7c/28d2043408e7b1ce2f511273.json,https://github.com/microsoft/vscode-copilot-chat/releases/tag/v0.37.2026012002,codex-ai-precheck,2026-07-17T03:41:27.953526Z
ver_c9f4ae693988a0c55f0054ec,doc_2c34376addbd21c296631ff5,GitHub Copilot,github_release,NEEDS_REVIEW,"[""SENSITIVE_PHONE""]",data/raw/github_copilot/github_release/20260717T031124Z_6bad9f7c/ce4e03b1bd3ac14165a8d264.json,https://github.com/microsoft/vscode-copilot-chat/releases/tag/v0.40.2026031401,codex-ai-precheck,2026-07-17T03:41:27.953526Z
ver_d36ab3d966007360a4496759,doc_2e1d1de8ef929f7b7e47bd89,GitHub Copilot,github_release,NEEDS_REVIEW,"[""NO_DIMENSION_LABEL"", ""SENSITIVE_PHONE""]",data/raw/github_copilot/github_release/20260717T031124Z_6bad9f7c/e4545ccb7c29f3ce631f0051.json,https://github.com/microsoft/vscode-copilot-chat/releases/tag/v0.32.2025100302,codex-ai-precheck,2026-07-17T03:41:27.953526Z
ver_c33a17a09e136081187980c2,doc_30dc16aeaf436788d02d9515,GitHub Copilot,github_release,NEEDS_REVIEW,"[""NO_DIMENSION_LABEL"", ""CONTENT_TOO_SHORT""]",data/raw/github_copilot/github_release/20260717T031124Z_6bad9f7c/48bb5d80619b3958b102094f.json,https://github.com/microsoft/vscode-copilot-chat/releases/tag/v0.43.0,codex-ai-precheck,2026-07-17T03:41:27.953526Z
ver_44c184a28a5fe93c43520783,doc_31c9fb62ec71e836b2df411d,GitHub Copilot,github_release,NEEDS_REVIEW,"[""SENSITIVE_PHONE""]",data/raw/github_copilot/github_release/20260717T031124Z_6bad9f7c/979c2c4c864fcacc3ffb0e33.json,https://github.com/microsoft/vscode-copilot-chat/releases/tag/v0.30.2025072301,codex-ai-precheck,2026-07-17T03:41:27.953526Z
ver_29c94c237749ffaf5173adba,doc_325f390503391b1452022b69,GitHub Copilot,github_release,NEEDS_REVIEW,"[""SENSITIVE_PHONE""]",data/raw/github_copilot/github_release/20260717T031124Z_6bad9f7c/9ddab69f3ef79ea464748220.json,https://github.com/microsoft/vscode-copilot-chat/releases/tag/v0.31.2025082601,codex-ai-precheck,2026-07-17T03:41:27.953526Z
ver_28e9da3d46c8a6d54e554c7d,doc_32a5330cb4d67e441da786c4,GitHub Copilot,github_release,NEEDS_REVIEW,"[""NO_DIMENSION_LABEL"", ""CONTENT_TOO_SHORT""]",data/raw/github_copilot/github_release/20260717T031124Z_6bad9f7c/3ff10881cc4fd672dfb2e5d8.json,https://github.com/microsoft/vscode-copilot-chat/releases/tag/v0.31.1,codex-ai-precheck,2026-07-17T03:41:27.953526Z
ver_c342877cface3262ba0bf6b2,doc_338543f231f3710ec3a6e4c8,GitHub Copilot,github_release,NEEDS_REVIEW,"[""NO_DIMENSION_LABEL"", ""SENSITIVE_PHONE""]",data/raw/github_copilot/github_release/20260717T031124Z_6bad9f7c/afa7f4658f93972f7134fca1.json,https://github.com/microsoft/vscode-copilot-chat/releases/tag/v0.31.2025091003,codex-ai-precheck,2026-07-17T03:41:27.953526Z
ver_993fff9964c9576f7493ecb3,doc_338989695e74102b463a99ec,GitHub Copilot,github_release,NEEDS_REVIEW,"[""SENSITIVE_PHONE""]",data/raw/github_copilot/github_release/20260717T031124Z_6bad9f7c/a4b03d134fe2a444e8ce5891.json,https://github.com/microsoft/vscode-copilot-chat/releases/tag/v0.38.2026022401,codex-ai-precheck,2026-07-17T03:41:27.953526Z
ver_105e25e5cf8ae3d5d1e55a07,doc_33b1000d1939528010445b29,GitHub Copilot,github_release,NEEDS_REVIEW,"[""SENSITIVE_PHONE""]",data/raw/github_copilot/github_release/20260717T031124Z_6bad9f7c/ca1e3d0c8a81b5cc03d8fba1.json,https://github.com/microsoft/vscode-copilot-chat/releases/tag/v0.41.2026031902,codex-ai-precheck,2026-07-17T03:41:27.953526Z
ver_3bf4cfeda151660d8c466763,doc_340b3d1bdc25314c105c7153,GitHub Copilot,github_release,NEEDS_REVIEW,"[""SENSITIVE_PHONE""]",data/raw/github_copilot/github_release/20260717T031124Z_6bad9f7c/a38a79119a4b8d46ebf1939a.json,https://github.com/microsoft/vscode-copilot-chat/releases/tag/v0.42.2026032603,codex-ai-precheck,2026-07-17T03:41:27.953526Z
ver_403bd24050ee0a0bec3cdc73,doc_342e9486477af075c0d5db6d,GitHub Copilot,github_release,NEEDS_REVIEW,"[""NO_DIMENSION_LABEL"", ""CONTENT_TOO_SHORT"", ""SENSITIVE_PHONE""]",data/raw/github_copilot/github_release/20260717T031124Z_6bad9f7c/7d526164f8672917e7420b75.json,https://github.com/microsoft/vscode-copilot-chat/releases/tag/v0.43.2026040702,codex-ai-precheck,2026-07-17T03:41:27.953526Z
ver_eef9b85d0032f2c65692b2b9,doc_34c598f3c937e6907cf144f6,GitHub Copilot,github_release,NEEDS_REVIEW,"[""NO_DIMENSION_LABEL"", ""CONTENT_TOO_SHORT"", ""SENSITIVE_PHONE""]",data/raw/github_copilot/github_release/20260717T031124Z_6bad9f7c/93f04d3ae79181a40c48e991.json,https://github.com/microsoft/vscode-copilot-chat/releases/tag/v0.31.2025090101,codex-ai-precheck,2026-07-17T03:41:27.953526Z
ver_d6ae06a4a1bf0dc780ca2484,doc_365ecd6737e04be4eaa59ac8,GitHub Copilot,github_release,NEEDS_REVIEW,"[""SENSITIVE_PHONE""]",data/raw/github_copilot/github_release/20260717T031124Z_6bad9f7c/0da9ecfd1ae5c1e475eb1a1e.json,https://github.com/microsoft/vscode-copilot-chat/releases/tag/v0.38.2026020501,codex-ai-precheck,2026-07-17T03:41:27.953526Z
ver_2d36b4885196d23a6fbda14a,doc_37bd7dd91dfc5353a9ecc9a6,GitHub Copilot,github_release,NEEDS_REVIEW,"[""SENSITIVE_PHONE""]",data/raw/github_copilot/github_release/20260717T031124Z_6bad9f7c/4e9ebd7b07b21e1b1ae4511a.json,https://github.com/microsoft/vscode-copilot-chat/releases/tag/v0.33.2025110606,codex-ai-precheck,2026-07-17T03:41:27.953526Z
ver_3f2157e759ac17a9d6d2253e,doc_387489d8ef681f61380611be,GitHub Copilot,github_release,NEEDS_REVIEW,"[""NO_DIMENSION_LABEL"", ""CONTENT_TOO_SHORT"", ""SENSITIVE_PHONE""]",data/raw/github_copilot/github_release/20260717T031124Z_6bad9f7c/cb9ef82e1ea9c6769796d96b.json,https://github.com/microsoft/vscode-copilot-chat/releases/tag/v0.38.2026020504,codex-ai-precheck,2026-07-17T03:41:27.953526Z
ver_7aafe9b450942fde97f11287,doc_389735098e3fd4b28d6ab334,GitHub Copilot,github_release,NEEDS_REVIEW,"[""NO_DIMENSION_LABEL"", ""SENSITIVE_PHONE""]",data/raw/github_copilot/github_release/20260717T031124Z_6bad9f7c/d50d57cdaf9851fbcb2fbdd8.json,https://github.com/microsoft/vscode-copilot-chat/releases/tag/v0.40.2026031704,codex-ai-precheck,2026-07-17T03:41:27.953526Z
ver_4e1162fa908b1ec617536e2f,doc_38ee0d2ef250ec3d8e91d55d,GitHub Copilot,github_release,NEEDS_REVIEW,"[""SENSITIVE_PHONE""]",data/raw/github_copilot/github_release/20260717T031124Z_6bad9f7c/6274c27eedbf608652c9a896.json,https://github.com/microsoft/vscode-copilot-chat/releases/tag/v0.34.2025112701,codex-ai-precheck,2026-07-17T03:41:27.953526Z
ver_1206bdb2eee7d5884c625516,doc_3906002989f19e1f1e8646d2,GitHub Copilot,github_release,NEEDS_REVIEW,"[""NO_DIMENSION_LABEL"", ""CONTENT_TOO_SHORT"", ""SENSITIVE_PHONE""]",data/raw/github_copilot/github_release/20260717T031124Z_6bad9f7c/05e46ea8049df0a988248c00.json,https://github.com/microsoft/vscode-copilot-chat/releases/tag/v0.30.2025080702,codex-ai-precheck,2026-07-17T03:41:27.953526Z
ver_cb3eb7f980a9e98da58904da,doc_398f893422460eea91f4f289,GitHub Copilot,github_release,NEEDS_REVIEW,"[""SENSITIVE_PHONE""]",data/raw/github_copilot/github_release/20260717T031124Z_6bad9f7c/aa5901d025e0daf3ceed2cab.json,https://github.com/microsoft/vscode-copilot-chat/releases/tag/v0.33.2025103101,codex-ai-precheck,2026-07-17T03:41:27.953526Z
ver_a74b2c6ea249f7f94f32a5a9,doc_3b5cdce48517c823d6ea1b81,GitHub Copilot,github_release,NEEDS_REVIEW,"[""SENSITIVE_PHONE""]",data/raw/github_copilot/github_release/20260717T031124Z_6bad9f7c/260d0eadc2081cf61a8a064d.json,https://github.com/microsoft/vscode-copilot-chat/releases/tag/v0.37.2026012201,codex-ai-precheck,2026-07-17T03:41:27.953526Z
ver_5d1b02ec15aff902621f43d1,doc_3b752c483c4a8b1f089f3403,GitHub Copilot,github_release,NEEDS_REVIEW,"[""SENSITIVE_PHONE""]",data/raw/github_copilot/github_release/20260717T031124Z_6bad9f7c/eb84e7b17d9faab0f6670c5a.json,https://github.com/microsoft/vscode-copilot-chat/releases/tag/v0.40.2026031702,codex-ai-precheck,2026-07-17T03:41:27.953526Z
ver_ae5cab3364dc7dd06fac84a3,doc_3d1844677f76595bcdd8ea08,GitHub Copilot,github_release,NEEDS_REVIEW,"[""NO_DIMENSION_LABEL"", ""CONTENT_TOO_SHORT""]",data/raw/github_copilot/github_release/20260717T031124Z_6bad9f7c/db7710da9d618900e6716cc0.json,https://github.com/microsoft/vscode-copilot-chat/releases/tag/v0.41.0,codex-ai-precheck,2026-07-17T03:41:27.953526Z
ver_464344171b25b1329ed01e74,doc_3f6f2eb1e91ce4f457543977,GitHub Copilot,github_release,NEEDS_REVIEW,"[""SENSITIVE_PHONE""]",data/raw/github_copilot/github_release/20260717T031124Z_6bad9f7c/20e778f4d2de4bca0d58225a.json,https://github.com/microsoft/vscode-copilot-chat/releases/tag/v0.34.2025112501,codex-ai-precheck,2026-07-17T03:41:27.953526Z
ver_d09b7aa7ba75ad0bf3bcf45b,doc_410b25ca588ce326bb5b52f7,GitHub Copilot,github_release,NEEDS_REVIEW,"[""SENSITIVE_PHONE""]",data/raw/github_copilot/github_release/20260717T031124Z_6bad9f7c/52b133308abd648e197de5a2.json,https://github.com/microsoft/vscode-copilot-chat/releases/tag/v0.30.2025072501,codex-ai-precheck,2026-07-17T03:41:27.953526Z
ver_0c04c0e1c20410fa0e8b3600,doc_41d0caaabaa01ef959a98500,GitHub Copilot,github_release,NEEDS_REVIEW,"[""NO_DIMENSION_LABEL"", ""SENSITIVE_PHONE""]",data/raw/github_copilot/github_release/20260717T031124Z_6bad9f7c/2db8e90f08b1476faa0326ff.json,https://github.com/microsoft/vscode-copilot-chat/releases/tag/v0.39.2026030502,codex-ai-precheck,2026-07-17T03:41:27.953526Z
ver_ba06cbe2e19fa32b64d8fa50,doc_41f30046de72c38bc3795f05,GitHub Copilot,github_release,NEEDS_REVIEW,"[""SENSITIVE_PHONE""]",data/raw/github_copilot/github_release/20260717T031124Z_6bad9f7c/c3f5c5efb0020855bd850c55.json,https://github.com/microsoft/vscode-copilot-chat/releases/tag/v0.31.2025080801,codex-ai-precheck,2026-07-17T03:41:27.953526Z
ver_152a96b29ac852188bf20cd3,doc_4300c8955939d17e0f40e89b,GitHub Copilot,github_release,NEEDS_REVIEW,"[""SENSITIVE_PHONE""]",data/raw/github_copilot/github_release/20260717T031124Z_6bad9f7c/23707396f3ad9be3de6f30cd.json,https://github.com/microsoft/vscode-copilot-chat/releases/tag/v0.36.2025121801,codex-ai-precheck,2026-07-17T03:41:27.953526Z
ver_d33cfaedd8338fc6464970fd,doc_435754d9156c5fa9d86f2816,GitHub Copilot,github_release,NEEDS_REVIEW,"[""SENSITIVE_PHONE""]",data/raw/github_copilot/github_release/20260717T031124Z_6bad9f7c/47a0a7a41d1724287986a2f1.json,https://github.com/microsoft/vscode-copilot-chat/releases/tag/v0.38.2026020506,codex-ai-precheck,2026-07-17T03:41:27.953526Z
ver_bc55eb78d535c281ce59ddc4,doc_43635ae2971b68a2efaced68,GitHub Copilot,github_release,NEEDS_REVIEW,"[""SENSITIVE_PHONE""]",data/raw/github_copilot/github_release/20260717T031124Z_6bad9f7c/c3a84f252008c32d6bf37138.json,https://github.com/microsoft/vscode-copilot-chat/releases/tag/v0.38.2026021904,codex-ai-precheck,2026-07-17T03:41:27.953526Z
ver_afeb689dad9f49e08173d8f2,doc_47c086b63ee84c39275376bd,GitHub Copilot,github_release,NEEDS_REVIEW,"[""SENSITIVE_PHONE""]",data/raw/github_copilot/github_release/20260717T031124Z_6bad9f7c/74f7b311c7bf1d065eb46ab7.json,https://github.com/microsoft/vscode-copilot-chat/releases/tag/v0.36.2025121101,codex-ai-precheck,2026-07-17T03:41:27.953526Z
ver_45bcbc166cefbbac9fc67407,doc_483e23fdf6e6d651a8fc04ff,GitHub Copilot,github_release,NEEDS_REVIEW,"[""NO_DIMENSION_LABEL"", ""SENSITIVE_PHONE""]",data/raw/github_copilot/github_release/20260717T031124Z_6bad9f7c/7f63e92bf4d026cb4596530e.json,https://github.com/microsoft/vscode-copilot-chat/releases/tag/v0.39.2026030507,codex-ai-precheck,2026-07-17T03:41:27.953526Z
ver_b0f48e12ec432f1e0ff4eeb7,doc_498a34e8380449fb6bbe61ce,GitHub Copilot,github_release,NEEDS_REVIEW,"[""SENSITIVE_PHONE""]",data/raw/github_copilot/github_release/20260717T031124Z_6bad9f7c/8c11c13597e6bf44d8e0894c.json,https://github.com/microsoft/vscode-copilot-chat/releases/tag/v0.37.2026012102,codex-ai-precheck,2026-07-17T03:41:27.953526Z
ver_f8cd8212e7dc3a40eb48f0b5,doc_49b03364baf4afae0a7af15c,GitHub Copilot,github_release,NEEDS_REVIEW,"[""NO_DIMENSION_LABEL"", ""CONTENT_TOO_SHORT"", ""SENSITIVE_PHONE""]",data/raw/github_copilot/github_release/20260717T031124Z_6bad9f7c/e0b45ac10998a73b97a2c37e.json,https://github.com/microsoft/vscode-copilot-chat/releases/tag/v0.33.2025110601,codex-ai-precheck,2026-07-17T03:41:27.953526Z
ver_2bbec925720d0234396848b4,doc_4bbd165801c9cac1408e0efc,GitHub Copilot,github_release,NEEDS_REVIEW,"[""SENSITIVE_PHONE""]",data/raw/github_copilot/github_release/20260717T031124Z_6bad9f7c/c9d9b641dd21c18a67dde0ca.json,https://github.com/microsoft/vscode-copilot-chat/releases/tag/v0.38.2026030204,codex-ai-precheck,2026-07-17T03:41:27.953526Z
ver_674ec4d4f5018cd38d96bc30,doc_4c5af52b1a88b0be598b1249,GitHub Copilot,github_release,NEEDS_REVIEW,"[""NO_DIMENSION_LABEL"", ""CONTENT_TOO_SHORT"", ""SENSITIVE_PHONE""]",data/raw/github_copilot/github_release/20260717T031124Z_6bad9f7c/c09e394dbcfcaddd84b0c6b4.json,https://github.com/microsoft/vscode-copilot-chat/releases/tag/v0.32.2025100703,codex-ai-precheck,2026-07-17T03:41:27.953526Z
ver_06ee25cee588cd594ca266cc,doc_4ca168a93011451d72665ce1,GitHub Copilot,github_release,NEEDS_REVIEW,"[""NO_DIMENSION_LABEL"", ""SENSITIVE_PHONE""]",data/raw/github_copilot/github_release/20260717T031124Z_6bad9f7c/f0f8cc16fc5e559af29ece7b.json,https://github.com/microsoft/vscode-copilot-chat/releases/tag/v0.37.2026011903,codex-ai-precheck,2026-07-17T03:41:27.953526Z
ver_d32abbcd1c8165c12b8f08c1,doc_4cf961432f031650fecd7527,GitHub Copilot,github_release,NEEDS_REVIEW,"[""SENSITIVE_PHONE""]",data/raw/github_copilot/github_release/20260717T031124Z_6bad9f7c/2c51bdb3b97f4eed6b2986d9.json,https://github.com/microsoft/vscode-copilot-chat/releases/tag/v0.32.2025091602,codex-ai-precheck,2026-07-17T03:41:27.953526Z
ver_730634db40782f22ae26493d,doc_4fbbeaf0565b58f6ca8fffc1,GitHub Copilot,github_release,NEEDS_REVIEW,"[""SENSITIVE_PHONE""]",data/raw/github_copilot/github_release/20260717T031124Z_6bad9f7c/634142d2d2512cdef12d68ce.json,https://github.com/microsoft/vscode-copilot-chat/releases/tag/v0.30.2025073101,codex-ai-precheck,2026-07-17T03:41:27.953526Z
ver_0eb277d89879b988679ce6de,doc_50cfc4272c7f7dd2dfaec314,GitHub Copilot,github_release,NEEDS_REVIEW,"[""SENSITIVE_PHONE""]",data/raw/github_copilot/github_release/20260717T031124Z_6bad9f7c/c446d1b050c3ae3181cfb908.json,https://github.com/microsoft/vscode-copilot-chat/releases/tag/v0.32.2025091601,codex-ai-precheck,2026-07-17T03:41:27.953526Z
ver_503c2e7a49e5e2c40a744485,doc_51372d1c39e70b1be1d24916,GitHub Copilot,github_release,NEEDS_REVIEW,"[""SENSITIVE_PHONE""]",data/raw/github_copilot/github_release/20260717T031124Z_6bad9f7c/1888994471ae97a1ee64abfe.json,https://github.com/microsoft/vscode-copilot-chat/releases/tag/v0.34.2025120406,codex-ai-precheck,2026-07-17T03:41:27.953526Z
ver_e125d5e85102c089d25f1d24,doc_515a15e5e888716c66846c17,GitHub Copilot,github_release,NEEDS_REVIEW,"[""SENSITIVE_PHONE""]",data/raw/github_copilot/github_release/20260717T031124Z_6bad9f7c/a334fb098b2f5f1c7799714d.json,https://github.com/microsoft/vscode-copilot-chat/releases/tag/v0.31.2025082903,codex-ai-precheck,2026-07-17T03:41:27.953526Z
ver_425f1584c9c03bc86a68fc0e,doc_524b1b757a185e309882c6b9,GitHub Copilot,github_release,NEEDS_REVIEW,"[""SENSITIVE_PHONE""]",data/raw/github_copilot/github_release/20260717T031124Z_6bad9f7c/c73391a152b58098136a4e13.json,https://github.com/microsoft/vscode-copilot-chat/releases/tag/v0.40.2026031001,codex-ai-precheck,2026-07-17T03:41:27.953526Z
ver_3d28286e6a4ac342714f6aa0,doc_5334f127d35c2789394a1499,GitHub Copilot,github_release,NEEDS_REVIEW,"[""SENSITIVE_PHONE""]",data/raw/github_copilot/github_release/20260717T031124Z_6bad9f7c/1ce1974f1a74bd750eb5581f.json,https://github.com/microsoft/vscode-copilot-chat/releases/tag/v0.34.2025111301,codex-ai-precheck,2026-07-17T03:41:27.953526Z
ver_4caa896acc6a1fd564701b10,doc_53f4f11bdb9aae40a98c8713,GitHub Copilot,github_release,NEEDS_REVIEW,"[""NO_DIMENSION_LABEL"", ""CONTENT_TOO_SHORT"", ""SENSITIVE_PHONE""]",data/raw/github_copilot/github_release/20260717T031124Z_6bad9f7c/12725069e1c5e6d2101cd729.json,https://github.com/microsoft/vscode-copilot-chat/releases/tag/v0.31.2025081501,codex-ai-precheck,2026-07-17T03:41:27.953526Z
ver_e8e86dab7c8fb94af9eadde6,doc_5485f6cb77f1de450eef9c0d,GitHub Copilot,github_release,NEEDS_REVIEW,"[""SENSITIVE_PHONE""]",data/raw/github_copilot/github_release/20260717T031124Z_6bad9f7c/4c4e29df5dfa3fce5dc0f053.json,https://github.com/microsoft/vscode-copilot-chat/releases/tag/v0.33.2025110403,codex-ai-precheck,2026-07-17T03:41:27.953526Z
ver_e5b3bc23c291e13dd2bc0fe2,doc_54d4111b299a387e7a75eca7,GitHub Copilot,github_release,NEEDS_REVIEW,"[""NO_DIMENSION_LABEL"", ""CONTENT_TOO_SHORT"", ""SENSITIVE_PHONE""]",data/raw/github_copilot/github_release/20260717T031124Z_6bad9f7c/90087da931438a1623c106cc.json,https://github.com/microsoft/vscode-copilot-chat/releases/tag/v0.30.2025071801,codex-ai-precheck,2026-07-17T03:41:27.953526Z
ver_2842cf63aa22bf7765730b84,doc_55fe6dcd546f6fa1ad4c0666,GitHub Copilot,github_release,NEEDS_REVIEW,"[""NO_DIMENSION_LABEL"", ""SENSITIVE_PHONE""]",data/raw/github_copilot/github_release/20260717T031124Z_6bad9f7c/0ad31f8319e839ec75d9994b.json,https://github.com/microsoft/vscode-copilot-chat/releases/tag/v0.31.2025082101,codex-ai-precheck,2026-07-17T03:41:27.953526Z
ver_f2fb44a0b6aa5bcd48bf7c12,doc_5722971be1f484b7a5fc3c3d,GitHub Copilot,github_release,NEEDS_REVIEW,"[""NO_DIMENSION_LABEL"", ""CONTENT_TOO_SHORT"", ""SENSITIVE_PHONE""]",data/raw/github_copilot/github_release/20260717T031124Z_6bad9f7c/85dc96afebcdc8db4feeb6a0.json,https://github.com/microsoft/vscode-copilot-chat/releases/tag/v0.43.2026040102,codex-ai-precheck,2026-07-17T03:41:27.953526Z
ver_5a91461a6767edeb8c005020,doc_573d0ea58fe0927e84e73d7e,GitHub Copilot,github_release,NEEDS_REVIEW,"[""SENSITIVE_PHONE""]",data/raw/github_copilot/github_release/20260717T031124Z_6bad9f7c/dfa6c1a32a90a5bca7a44d72.json,https://github.com/microsoft/vscode-copilot-chat/releases/tag/v0.36.2025121201,codex-ai-precheck,2026-07-17T03:41:27.953526Z
ver_98e5d98a0a9f8b87dc081ec7,doc_57c899bcd4aa6499a92b507e,GitHub Copilot,github_release,NEEDS_REVIEW,"[""SENSITIVE_PHONE""]",data/raw/github_copilot/github_release/20260717T031124Z_6bad9f7c/6241f51990d54ce541292137.json,https://github.com/microsoft/vscode-copilot-chat/releases/tag/v0.37.2026012303,codex-ai-precheck,2026-07-17T03:41:27.953526Z
ver_08f0814fbce4ea79bb5ea755,doc_57cf24e413078e46c0b3de2e,GitHub Copilot,github_release,NEEDS_REVIEW,"[""SENSITIVE_PHONE""]",data/raw/github_copilot/github_release/20260717T031124Z_6bad9f7c/89ffd06e300b1c30ae4da525.json,https://github.com/microsoft/vscode-copilot-chat/releases/tag/v0.33.2025101701,codex-ai-precheck,2026-07-17T03:41:27.953526Z
ver_3e718e16f398d29042604d17,doc_584d1ad8a0964ef2260d7c74,GitHub Copilot,github_release,NEEDS_REVIEW,"[""SENSITIVE_PHONE""]",data/raw/github_copilot/github_release/20260717T031124Z_6bad9f7c/0104b34e863a4c5bb9e91467.json,https://github.com/microsoft/vscode-copilot-chat/releases/tag/v0.37.2026020406,codex-ai-precheck,2026-07-17T03:41:27.953526Z
ver_231da608ddf8778565653181,doc_592be42c809e7a76898c6012,GitHub Copilot,github_release,NEEDS_REVIEW,"[""NO_DIMENSION_LABEL"", ""SENSITIVE_PHONE""]",data/raw/github_copilot/github_release/20260717T031124Z_6bad9f7c/bf0b160704dc3787f0529308.json,https://github.com/microsoft/vscode-copilot-chat/releases/tag/v0.37.2026011603,codex-ai-precheck,2026-07-17T03:41:27.953526Z
ver_3fd732d4f40d5eeeeda8a390,doc_5a0427c7c366e521718d7bfc,GitHub Copilot,github_release,NEEDS_REVIEW,"[""NO_DIMENSION_LABEL"", ""CONTENT_TOO_SHORT""]",data/raw/github_copilot/github_release/20260717T031124Z_6bad9f7c/9174326179a1ec159928b576.json,https://github.com/microsoft/vscode-copilot-chat/releases/tag/v0.32.0,codex-ai-precheck,2026-07-17T03:41:27.953526Z
ver_2f6bd7b7b63080543af45d5d,doc_5a1f7756070a7a85be0eeb36,GitHub Copilot,github_release,NEEDS_REVIEW,"[""NO_DIMENSION_LABEL"", ""CONTENT_TOO_SHORT"", ""SENSITIVE_PHONE""]",data/raw/github_copilot/github_release/20260717T031124Z_6bad9f7c/10904e74d5191203d1e824b8.json,https://github.com/microsoft/vscode-copilot-chat/releases/tag/v0.30.2025072102,codex-ai-precheck,2026-07-17T03:41:27.953526Z
ver_a88b8b8899bd9794709fbf90,doc_5a8ed76e2216b193fb6decb2,GitHub Copilot,github_release,NEEDS_REVIEW,"[""SENSITIVE_PHONE""]",data/raw/github_copilot/github_release/20260717T031124Z_6bad9f7c/6b77413d609de12fd7386758.json,https://github.com/microsoft/vscode-copilot-chat/releases/tag/v0.37.2026012803,codex-ai-precheck,2026-07-17T03:41:27.953526Z
ver_a6ee0f3fe66d6812988bdc51,doc_5b61330924329a831e2a3bfd,GitHub Copilot,github_release,NEEDS_REVIEW,"[""NO_DIMENSION_LABEL""]",data/raw/github_copilot/github_release/20260717T031124Z_6bad9f7c/fdf7074f81289d2e3b51d315.json,https://github.com/microsoft/vscode-copilot-chat/releases/tag/v0.31.2,codex-ai-precheck,2026-07-17T03:41:27.953526Z
ver_615432a86e0199f2e1882b2a,doc_5c65f9f6cbb487634ae3534c,GitHub Copilot,github_release,NEEDS_REVIEW,"[""SENSITIVE_PHONE""]",data/raw/github_copilot/github_release/20260717T031124Z_6bad9f7c/6b77273566515b3bff5aeb5a.json,https://github.com/microsoft/vscode-copilot-chat/releases/tag/v0.42.2026033001,codex-ai-precheck,2026-07-17T03:41:27.953526Z
ver_c1c25da2e8efa3c547155629,doc_5ca39be526b6468e97a4ec3a,GitHub Copilot,github_release,NEEDS_REVIEW,"[""SENSITIVE_PHONE""]",data/raw/github_copilot/github_release/20260717T031124Z_6bad9f7c/5ee7e9dc5b058f540365853e.json,https://github.com/microsoft/vscode-copilot-chat/releases/tag/v0.37.2026012305,codex-ai-precheck,2026-07-17T03:41:27.953526Z
ver_e8f5eaf7901b5a8cc525c3da,doc_5d150e90537e0843d6d4d8cf,GitHub Copilot,github_release,NEEDS_REVIEW,"[""NO_DIMENSION_LABEL"", ""CONTENT_TOO_SHORT"", ""SENSITIVE_PHONE""]",data/raw/github_copilot/github_release/20260717T031124Z_6bad9f7c/841b78e5a6689fddb1894661.json,https://github.com/microsoft/vscode-copilot-chat/releases/tag/v0.39.2026030601,codex-ai-precheck,2026-07-17T03:41:27.953526Z
ver_68255ba9ff80560b1e913b02,doc_5d1c643106cd5316f9990c04,GitHub Copilot,github_release,NEEDS_REVIEW,"[""SENSITIVE_PHONE""]",data/raw/github_copilot/github_release/20260717T031124Z_6bad9f7c/d44b7f54193ab00fbbe13eb5.json,https://github.com/microsoft/vscode-copilot-chat/releases/tag/v0.34.2025111403,codex-ai-precheck,2026-07-17T03:41:27.953526Z
ver_28796b1d219ada00a7c1f3cd,doc_5ed3af23d9e7724346ca9389,GitHub Copilot,github_release,NEEDS_REVIEW,"[""NO_DIMENSION_LABEL"", ""SENSITIVE_PHONE""]",data/raw/github_copilot/github_release/20260717T031124Z_6bad9f7c/265dc74601036209eddeab26.json,https://github.com/microsoft/vscode-copilot-chat/releases/tag/v0.37.2026020304,codex-ai-precheck,2026-07-17T03:41:27.953526Z
ver_be9997c0ba482683bc36cb86,doc_60c3ebae62b6701e06657dce,GitHub Copilot,github_release,NEEDS_REVIEW,"[""NO_DIMENSION_LABEL"", ""SENSITIVE_PHONE""]",data/raw/github_copilot/github_release/20260717T031124Z_6bad9f7c/f339beb85dfaef5b44c57182.json,https://github.com/microsoft/vscode-copilot-chat/releases/tag/v0.33.2025101503,codex-ai-precheck,2026-07-17T03:41:27.953526Z
ver_22fe15000fa9c439324fc244,doc_60e5b36d568f8e97b9454b15,GitHub Copilot,github_release,NEEDS_REVIEW,"[""SENSITIVE_PHONE""]",data/raw/github_copilot/github_release/20260717T031124Z_6bad9f7c/f7f1fee813c77799561350d9.json,https://github.com/microsoft/vscode-copilot-chat/releases/tag/v0.43.2026040204,codex-ai-precheck,2026-07-17T03:41:27.953526Z
ver_d5207908df16f458ec9cd195,doc_6275ea9ee8bf4594ef07449b,GitHub Copilot,github_release,NEEDS_REVIEW,"[""NO_DIMENSION_LABEL"", ""CONTENT_TOO_SHORT"", ""SENSITIVE_PHONE""]",data/raw/github_copilot/github_release/20260717T031124Z_6bad9f7c/b7ed220fbaa7890257b845cc.json,https://github.com/microsoft/vscode-copilot-chat/releases/tag/v0.31.2025082004,codex-ai-precheck,2026-07-17T03:41:27.953526Z
ver_c94a5ead47353f5cee46bfc3,doc_62a16dca984ac2089e6b1b90,GitHub Copilot,github_release,NEEDS_REVIEW,"[""SENSITIVE_PHONE""]",data/raw/github_copilot/github_release/20260717T031124Z_6bad9f7c/fc6ad2d33770051a7d52c8b9.json,https://github.com/microsoft/vscode-copilot-chat/releases/tag/v0.37.2026011601,codex-ai-precheck,2026-07-17T03:41:27.953526Z
ver_c441ae66d4742010f100609e,doc_63ab91590cc7fcfd4fe24e5a,GitHub Copilot,github_release,NEEDS_REVIEW,"[""SENSITIVE_PHONE""]",data/raw/github_copilot/github_release/20260717T031124Z_6bad9f7c/9f9c4af29d6ca69cd4e5469a.json,https://github.com/microsoft/vscode-copilot-chat/releases/tag/v0.34.2025112602,codex-ai-precheck,2026-07-17T03:41:27.953526Z
ver_3384d3e8525edba2834ab153,doc_63cbececb99ba2f21bedc86f,GitHub Copilot,github_release,NEEDS_REVIEW,"[""SENSITIVE_PHONE""]",data/raw/github_copilot/github_release/20260717T031124Z_6bad9f7c/94fbae294eca01964507e02d.json,https://github.com/microsoft/vscode-copilot-chat/releases/tag/v0.41.2026031806,codex-ai-precheck,2026-07-17T03:41:27.953526Z
ver_39374589a4698f569d7afc87,doc_63e5e228990927c1a63f1591,GitHub Copilot,github_release,NEEDS_REVIEW,"[""NO_DIMENSION_LABEL"", ""SENSITIVE_PHONE""]",data/raw/github_copilot/github_release/20260717T031124Z_6bad9f7c/28b9dc8a6f063bd5c9ef6ee3.json,https://github.com/microsoft/vscode-copilot-chat/releases/tag/v0.32.2025091902,codex-ai-precheck,2026-07-17T03:41:27.953526Z
ver_55313ce7b2e2e43b7cdefae4,doc_63e77601cd02abd36b4a1703,GitHub Copilot,github_release,NEEDS_REVIEW,"[""SENSITIVE_PHONE""]",data/raw/github_copilot/github_release/20260717T031124Z_6bad9f7c/da540981d7a0268affcf9d7b.json,https://github.com/microsoft/vscode-copilot-chat/releases/tag/v0.43.2026040303,codex-ai-precheck,2026-07-17T03:41:27.953526Z
ver_a21df6bf6482de76a342357e,doc_64c48814ddd802beb68335dc,GitHub Copilot,github_release,NEEDS_REVIEW,"[""NO_DIMENSION_LABEL"", ""SENSITIVE_PHONE""]",data/raw/github_copilot/github_release/20260717T031124Z_6bad9f7c/6c871f303ecd86df746150a9.json,https://github.com/microsoft/vscode-copilot-chat/releases/tag/v0.38.2026030304,codex-ai-precheck,2026-07-17T03:41:27.953526Z
ver_fd96639f9d0c5f2f6b9aa6e1,doc_64d96873b04eada573544e86,GitHub Copilot,github_release,NEEDS_REVIEW,"[""SENSITIVE_PHONE""]",data/raw/github_copilot/github_release/20260717T031124Z_6bad9f7c/6573460167ff20c8abf0681a.json,https://github.com/microsoft/vscode-copilot-chat/releases/tag/v0.37.2026020403,codex-ai-precheck,2026-07-17T03:41:27.953526Z
ver_f0316d568d9c501be5521890,doc_65e2b2b90c30d5673a7f9504,GitHub Copilot,github_release,NEEDS_REVIEW,"[""SENSITIVE_PHONE""]",data/raw/github_copilot/github_release/20260717T031124Z_6bad9f7c/bb470c809c95343aff13932f.json,https://github.com/microsoft/vscode-copilot-chat/releases/tag/v0.43.2026033104,codex-ai-precheck,2026-07-17T03:41:27.953526Z
ver_c181bb7f6478017bda380b73,doc_66618f15481ac5ecf77cbf43,GitHub Copilot,github_release,NEEDS_REVIEW,"[""SENSITIVE_PHONE""]",data/raw/github_copilot/github_release/20260717T031124Z_6bad9f7c/abdb847debc2aa448c27807b.json,https://github.com/microsoft/vscode-copilot-chat/releases/tag/v0.30.2025080501,codex-ai-precheck,2026-07-17T03:41:27.953526Z
ver_eaee58953e7527d44488c084,doc_669530d48e1885b916de5e91,GitHub Copilot,github_release,NEEDS_REVIEW,"[""NO_DIMENSION_LABEL"", ""CONTENT_TOO_SHORT"", ""SENSITIVE_PHONE""]",data/raw/github_copilot/github_release/20260717T031124Z_6bad9f7c/6a461d319149e09bd97f8bef.json,https://github.com/microsoft/vscode-copilot-chat/releases/tag/v0.37.2026011301,codex-ai-precheck,2026-07-17T03:41:27.953526Z
ver_3d6bbbfea291f552d595e78d,doc_6796c8909603d4781072563a,GitHub Copilot,github_release,NEEDS_REVIEW,"[""SENSITIVE_PHONE""]",data/raw/github_copilot/github_release/20260717T031124Z_6bad9f7c/94e0dd0ceff0981e8fc9626d.json,https://github.com/microsoft/vscode-copilot-chat/releases/tag/v0.33.2025101601,codex-ai-precheck,2026-07-17T03:41:27.953526Z
ver_51b3a352e8b09033468ac49e,doc_688aa0996eeef7fdd6d16b6f,GitHub Copilot,github_release,NEEDS_REVIEW,"[""NO_DIMENSION_LABEL"", ""CONTENT_TOO_SHORT"", ""SENSITIVE_PHONE""]",data/raw/github_copilot/github_release/20260717T031124Z_6bad9f7c/473cceabe1418b8f0ad741dd.json,https://github.com/microsoft/vscode-copilot-chat/releases/tag/v0.37.2026011501,codex-ai-precheck,2026-07-17T03:41:27.953526Z
ver_d5266f837928ce37e47b3017,doc_68c7f1f3743b42beb8d37dba,GitHub Copilot,github_release,NEEDS_REVIEW,"[""NO_DIMENSION_LABEL"", ""SENSITIVE_PHONE""]",data/raw/github_copilot/github_release/20260717T031124Z_6bad9f7c/8cd74dacffd64db1480273fc.json,https://github.com/microsoft/vscode-copilot-chat/releases/tag/v0.42.2026032602,codex-ai-precheck,2026-07-17T03:41:27.953526Z
ver_68421367ccdb80e7c1d18b68,doc_69196e8f61c775b749a615db,GitHub Copilot,github_release,NEEDS_REVIEW,"[""SENSITIVE_PHONE""]",data/raw/github_copilot/github_release/20260717T031124Z_6bad9f7c/9b2c20660e9003248bb72d9c.json,https://github.com/microsoft/vscode-copilot-chat/releases/tag/v0.33.2025110702,codex-ai-precheck,2026-07-17T03:41:27.953526Z
ver_b8fb5b238b9ebe06ef30994f,doc_6934a6d5cd276687ed70c114,GitHub Copilot,github_release,NEEDS_REVIEW,"[""NO_DIMENSION_LABEL"", ""CONTENT_TOO_SHORT""]",data/raw/github_copilot/github_release/20260717T031124Z_6bad9f7c/0c5e599261719c45266047e7.json,https://github.com/microsoft/vscode-copilot-chat/releases/tag/v0.38.0,codex-ai-precheck,2026-07-17T03:41:27.953526Z
ver_cccbc4e2ad629bbc38400f1a,doc_6a60a27df6b92643c6b58c36,GitHub Copilot,github_release,NEEDS_REVIEW,"[""SENSITIVE_PHONE""]",data/raw/github_copilot/github_release/20260717T031124Z_6bad9f7c/d5025f910b588b47b04c4eff.json,https://github.com/microsoft/vscode-copilot-chat/releases/tag/v0.33.2025101502,codex-ai-precheck,2026-07-17T03:41:27.953526Z
ver_77a04df3df74dd53ed208b96,doc_6b1f961d7ae6db730f618769,GitHub Copilot,github_release,NEEDS_REVIEW,"[""SENSITIVE_PHONE""]",data/raw/github_copilot/github_release/20260717T031124Z_6bad9f7c/69392d2447e8fbf2fe57b2dd.json,https://github.com/microsoft/vscode-copilot-chat/releases/tag/v0.30.2025072801,codex-ai-precheck,2026-07-17T03:41:27.953526Z
ver_4ad2f539108b2548c0b30b21,doc_6b3fbdae7e6e4ddbbb48016f,GitHub Copilot,github_release,NEEDS_REVIEW,"[""SENSITIVE_PHONE""]",data/raw/github_copilot/github_release/20260717T031124Z_6bad9f7c/c984523c5e7824444f499511.json,https://github.com/microsoft/vscode-copilot-chat/releases/tag/v0.40.2026031802,codex-ai-precheck,2026-07-17T03:41:27.953526Z
ver_c00b0807b8ea539cf250d99e,doc_6c453a704382ad448c2e68dd,GitHub Copilot,github_release,NEEDS_REVIEW,"[""SENSITIVE_PHONE""]",data/raw/github_copilot/github_release/20260717T031124Z_6bad9f7c/ac9f4051d9cb1d24238c0856.json,https://github.com/microsoft/vscode-copilot-chat/releases/tag/v0.37.2026010901,codex-ai-precheck,2026-07-17T03:41:27.953526Z
ver_f508af528c700ffd84e510f3,doc_6d16c3ecdc552932f200c2dc,GitHub Copilot,github_release,NEEDS_REVIEW,"[""NO_DIMENSION_LABEL"", ""SENSITIVE_PHONE""]",data/raw/github_copilot/github_release/20260717T031124Z_6bad9f7c/5d944a425ae17addc1ae2a66.json,https://github.com/microsoft/vscode-copilot-chat/releases/tag/v0.38.2026020912,codex-ai-precheck,2026-07-17T03:41:27.953526Z
ver_ad9bf1afc4c822797dfe9e99,doc_6db0af1c3aee67472d4b1f71,GitHub Copilot,github_release,NEEDS_REVIEW,"[""SENSITIVE_PHONE""]",data/raw/github_copilot/github_release/20260717T031124Z_6bad9f7c/e8b0c1abf51566dd6c68ff38.json,https://github.com/microsoft/vscode-copilot-chat/releases/tag/v0.40.2026031601,codex-ai-precheck,2026-07-17T03:41:27.953526Z
ver_751c5c0c5abda870db1f8929,doc_6de216894d1b91d48d9f9776,GitHub Copilot,github_release,NEEDS_REVIEW,"[""NO_DIMENSION_LABEL"", ""CONTENT_TOO_SHORT"", ""SENSITIVE_PHONE""]",data/raw/github_copilot/github_release/20260717T031124Z_6bad9f7c/b9a1384c5038e908278235d3.json,https://github.com/microsoft/vscode-copilot-chat/releases/tag/v0.32.2025091501,codex-ai-precheck,2026-07-17T03:41:27.953526Z
ver_06b7db2f6f0f7db8e94899fb,doc_6e05e1f505f51753ae16c3db,GitHub Copilot,github_release,NEEDS_REVIEW,"[""NO_DIMENSION_LABEL"", ""CONTENT_TOO_SHORT"", ""SENSITIVE_PHONE""]",data/raw/github_copilot/github_release/20260717T031124Z_6bad9f7c/43cde458b3b5c28e888e2eec.json,https://github.com/microsoft/vscode-copilot-chat/releases/tag/v0.38.2026020505,codex-ai-precheck,2026-07-17T03:41:27.953526Z
ver_7e61ff805d2cabe6dd57555a,doc_6e4d3b6f8cdc42ba647df89c,GitHub Copilot,github_release,NEEDS_REVIEW,"[""NO_DIMENSION_LABEL"", ""SENSITIVE_PHONE""]",data/raw/github_copilot/github_release/20260717T031124Z_6bad9f7c/ce05562f4e6749a5becc6d4e.json,https://github.com/microsoft/vscode-copilot-chat/releases/tag/v0.38.2026021905,codex-ai-precheck,2026-07-17T03:41:27.953526Z
ver_9fd9deacc0068b83b45650e7,doc_6f2b8a2268e5e9187f652ebf,GitHub Copilot,github_release,NEEDS_REVIEW,"[""NO_DIMENSION_LABEL"", ""SENSITIVE_PHONE""]",data/raw/github_copilot/github_release/20260717T031124Z_6bad9f7c/f5c893c946e6dc78b157acc8.json,https://github.com/microsoft/vscode-copilot-chat/releases/tag/v0.38.2026022503,codex-ai-precheck,2026-07-17T03:41:27.953526Z
ver_623c507b063e70a4650d9bc6,doc_6f7478a31f9f3d9e92a91974,GitHub Copilot,github_release,NEEDS_REVIEW,"[""SENSITIVE_PHONE""]",data/raw/github_copilot/github_release/20260717T031124Z_6bad9f7c/d404320aef20528e9f9544ca.json,https://github.com/microsoft/vscode-copilot-chat/releases/tag/v0.31.2025090301,codex-ai-precheck,2026-07-17T03:41:27.953526Z
ver_1bdc461a630b937c3462fad7,doc_6fdcb85cb0e293a623ecd3ff,GitHub Copilot,github_release,NEEDS_REVIEW,"[""SENSITIVE_PHONE""]",data/raw/github_copilot/github_release/20260717T031124Z_6bad9f7c/506d19b1148df2ac2912d9a5.json,https://github.com/microsoft/vscode-copilot-chat/releases/tag/v0.34.2025111901,codex-ai-precheck,2026-07-17T03:41:27.953526Z
ver_420173e2cf60bd96d560d52a,doc_7036bcfb0f80df092e2786e6,GitHub Copilot,github_release,NEEDS_REVIEW,"[""NO_DIMENSION_LABEL"", ""SENSITIVE_PHONE""]",data/raw/github_copilot/github_release/20260717T031124Z_6bad9f7c/ccc75c02241ef83f5ab557f3.json,https://github.com/microsoft/vscode-copilot-chat/releases/tag/v0.38.2026021302,codex-ai-precheck,2026-07-17T03:41:27.953526Z
ver_fd6e2f4c22d83158de34316e,doc_713494415eafa1c5ba0872e3,GitHub Copilot,github_release,NEEDS_REVIEW,"[""SENSITIVE_PHONE""]",data/raw/github_copilot/github_release/20260717T031124Z_6bad9f7c/af6c5740febcc211b7cee198.json,https://github.com/microsoft/vscode-copilot-chat/releases/tag/v0.33.2025110703,codex-ai-precheck,2026-07-17T03:41:27.953526Z
ver_394545574ca8e3ea4868518b,doc_7260a96ffb077afd6092f7b3,GitHub Copilot,github_release,NEEDS_REVIEW,"[""SENSITIVE_PHONE""]",data/raw/github_copilot/github_release/20260717T031124Z_6bad9f7c/9c45b58da695743584e65039.json,https://github.com/microsoft/vscode-copilot-chat/releases/tag/v0.31.2025090902,codex-ai-precheck,2026-07-17T03:41:27.953526Z
ver_e5a0203f4c6b3b118867c4d0,doc_72928e5e06d5e8d5a14d4e47,GitHub Copilot,github_release,NEEDS_REVIEW,"[""SENSITIVE_PHONE""]",data/raw/github_copilot/github_release/20260717T031124Z_6bad9f7c/cee3c37861c22d80d3bf401a.json,https://github.com/microsoft/vscode-copilot-chat/releases/tag/v0.38.2026021901,codex-ai-precheck,2026-07-17T03:41:27.953526Z
ver_4c576aa136e4cb64deec111c,doc_72d356605083947f538b0823,GitHub Copilot,github_release,NEEDS_REVIEW,"[""NO_DIMENSION_LABEL"", ""CONTENT_TOO_SHORT"", ""SENSITIVE_PHONE""]",data/raw/github_copilot/github_release/20260717T031124Z_6bad9f7c/c5819fdcc00c5bc9782d08a0.json,https://github.com/microsoft/vscode-copilot-chat/releases/tag/v0.33.2025111102,codex-ai-precheck,2026-07-17T03:41:27.953526Z
ver_d975da6f566beffeb404d9fd,doc_7376cf3ea171ccf9f8e1613d,GitHub Copilot,github_release,NEEDS_REVIEW,"[""SENSITIVE_PHONE""]",data/raw/github_copilot/github_release/20260717T031124Z_6bad9f7c/1f73bb58adb88f29f786d678.json,https://github.com/microsoft/vscode-copilot-chat/releases/tag/v0.38.2026021101,codex-ai-precheck,2026-07-17T03:41:27.953526Z
ver_1a74e02feeb95cf1acbce6d7,doc_76851e7c844af0646c5d0f69,GitHub Copilot,github_release,NEEDS_REVIEW,"[""SENSITIVE_PHONE""]",data/raw/github_copilot/github_release/20260717T031124Z_6bad9f7c/15a3fe962506e43613a1432e.json,https://github.com/microsoft/vscode-copilot-chat/releases/tag/v0.38.2026022302,codex-ai-precheck,2026-07-17T03:41:27.953526Z
ver_0a476f5b9d82f9affd67d5e6,doc_77058476628a1fbe7bcda860,GitHub Copilot,github_release,NEEDS_REVIEW,"[""NO_DIMENSION_LABEL"", ""CONTENT_TOO_SHORT"", ""SENSITIVE_PHONE""]",data/raw/github_copilot/github_release/20260717T031124Z_6bad9f7c/894d54bc1d79f548f56817e8.json,https://github.com/microsoft/vscode-copilot-chat/releases/tag/v0.36.2026010502,codex-ai-precheck,2026-07-17T03:41:27.953526Z
ver_d80c0533c4eae9b90cd31cca,doc_777763455f8ad176db069506,GitHub Copilot,github_release,NEEDS_REVIEW,"[""NO_DIMENSION_LABEL""]",data/raw/github_copilot/github_release/20260717T031124Z_6bad9f7c/0b34d5a4d25b1091bbea1530.json,https://github.com/microsoft/vscode-copilot-chat/releases/tag/v0.35.3,codex-ai-precheck,2026-07-17T03:41:27.953526Z
ver_92ad91449445d31caed840c4,doc_779e861cf8064d73cff1f646,GitHub Copilot,github_release,NEEDS_REVIEW,"[""NO_DIMENSION_LABEL"", ""SENSITIVE_PHONE""]",data/raw/github_copilot/github_release/20260717T031124Z_6bad9f7c/e6c9a18724e1aa7a27430a60.json,https://github.com/microsoft/vscode-copilot-chat/releases/tag/v0.38.2026020704,codex-ai-precheck,2026-07-17T03:41:27.953526Z
ver_ded2d9a70df160f82f2c1e45,doc_7811353d611fcea98345855e,GitHub Copilot,github_release,NEEDS_REVIEW,"[""NO_DIMENSION_LABEL"", ""CONTENT_TOO_SHORT"", ""SENSITIVE_PHONE""]",data/raw/github_copilot/github_release/20260717T031124Z_6bad9f7c/dce81f8ce7543857958f71a1.json,https://github.com/microsoft/vscode-copilot-chat/releases/tag/v0.38.2026020408,codex-ai-precheck,2026-07-17T03:41:27.953526Z
ver_65c92721b627c20ebc993f73,doc_784eb43f57faa97735f705ba,GitHub Copilot,github_release,NEEDS_REVIEW,"[""SENSITIVE_PHONE""]",data/raw/github_copilot/github_release/20260717T031124Z_6bad9f7c/5741280af235faea13a141c1.json,https://github.com/microsoft/vscode-copilot-chat/releases/tag/v0.34.2025112801,codex-ai-precheck,2026-07-17T03:41:27.953526Z
ver_e3860accde44a427f73cac2d,doc_7861865e0388e76e83a0752b,GitHub Copilot,github_release,NEEDS_REVIEW,"[""NO_DIMENSION_LABEL"", ""SENSITIVE_PHONE""]",data/raw/github_copilot/github_release/20260717T031124Z_6bad9f7c/610483061f969661eb98299f.json,https://github.com/microsoft/vscode-copilot-chat/releases/tag/v0.38.2026022801,codex-ai-precheck,2026-07-17T03:41:27.953526Z
ver_be1ea37e7ac2ca034ad3fc22,doc_786e5c80aeb18b1fbbd05d62,GitHub Copilot,github_release,NEEDS_REVIEW,"[""SENSITIVE_PHONE""]",data/raw/github_copilot/github_release/20260717T031124Z_6bad9f7c/e3c50e7eb43b05f6c5630a02.json,https://github.com/microsoft/vscode-copilot-chat/releases/tag/v0.30.2025073001,codex-ai-precheck,2026-07-17T03:41:27.953526Z
ver_1dbd921f332182a604f306aa,doc_78fb6f613de9a9c09aeca4ea,GitHub Copilot,github_release,NEEDS_REVIEW,"[""NO_DIMENSION_LABEL""]",data/raw/github_copilot/github_release/20260717T031124Z_6bad9f7c/4778d2f8ba575fc72cb52dfa.json,https://github.com/microsoft/vscode-copilot-chat/releases/tag/v0.38.2,codex-ai-precheck,2026-07-17T03:41:27.953526Z
ver_5a579b47e2eddfccc80be904,doc_79717f449257d941f601e535,GitHub Copilot,github_release,NEEDS_REVIEW,"[""NO_DIMENSION_LABEL"", ""CONTENT_TOO_SHORT""]",data/raw/github_copilot/github_release/20260717T031124Z_6bad9f7c/fcfb9ca207af361744879499.json,https://github.com/microsoft/vscode-copilot-chat/releases/tag/v0.33.0,codex-ai-precheck,2026-07-17T03:41:27.953526Z
ver_b882b338c667c4a536340e5d,doc_7aaa8db56530ef92ab92777c,GitHub Copilot,github_release,NEEDS_REVIEW,"[""NO_DIMENSION_LABEL"", ""SENSITIVE_PHONE""]",data/raw/github_copilot/github_release/20260717T031124Z_6bad9f7c/7c78f42432e22be999e075cf.json,https://github.com/microsoft/vscode-copilot-chat/releases/tag/v0.42.2026032501,codex-ai-precheck,2026-07-17T03:41:27.953526Z
ver_3d1efe16cd8c7f519beac73e,doc_7b19dd2947897827d14db5cc,GitHub Copilot,github_release,NEEDS_REVIEW,"[""SENSITIVE_PHONE""]",data/raw/github_copilot/github_release/20260717T031124Z_6bad9f7c/b8fd8420d4af044eff4d6fe9.json,https://github.com/microsoft/vscode-copilot-chat/releases/tag/v0.33.2025102302,codex-ai-precheck,2026-07-17T03:41:27.953526Z
ver_897d184fff3ded31f9cef05c,doc_7bdbec4cf20e0a7ea727aa9b,GitHub Copilot,github_release,NEEDS_REVIEW,"[""NO_DIMENSION_LABEL"", ""SENSITIVE_PHONE""]",data/raw/github_copilot/github_release/20260713T162601Z_fda2c425/b9cabac20d66dd54e52f8e65.json,https://github.com/microsoft/vscode-copilot-chat/releases/tag/v0.30.2025071401,codex-ai-precheck,2026-07-17T03:41:27.953526Z
ver_53c26c7c9b0b0784d1a73233,doc_7c9ee9e0cb4c8950713d2c85,GitHub Copilot,github_release,NEEDS_REVIEW,"[""SENSITIVE_PHONE""]",data/raw/github_copilot/github_release/20260717T031124Z_6bad9f7c/1ef0399b3b4b33d709fce62c.json,https://github.com/microsoft/vscode-copilot-chat/releases/tag/v0.36.2025121202,codex-ai-precheck,2026-07-17T03:41:27.953526Z
ver_6c307bb47a71bff7fb5a9295,doc_7cc5e13e1ff5c37e6b56128e,GitHub Copilot,github_release,NEEDS_REVIEW,"[""SENSITIVE_PHONE""]",data/raw/github_copilot/github_release/20260717T031124Z_6bad9f7c/c71c7dd4d90465760650244f.json,https://github.com/microsoft/vscode-copilot-chat/releases/tag/v0.33.2025102407,codex-ai-precheck,2026-07-17T03:41:27.953526Z
ver_84f7683a974d71330a1a7c69,doc_7d1a1af76be4c6e42e9b55f4,GitHub Copilot,github_release,NEEDS_REVIEW,"[""NO_DIMENSION_LABEL"", ""CONTENT_TOO_SHORT"", ""SENSITIVE_PHONE""]",data/raw/github_copilot/github_release/20260717T031124Z_6bad9f7c/3a6850d02b24b3b6d531c79a.json,https://github.com/microsoft/vscode-copilot-chat/releases/tag/v0.41.2026032301,codex-ai-precheck,2026-07-17T03:41:27.953526Z
ver_eb340e90f379e4c96679915f,doc_7f57e3df55eb195c0055a3c3,GitHub Copilot,github_release,NEEDS_REVIEW,"[""SENSITIVE_PHONE""]",data/raw/github_copilot/github_release/20260717T031124Z_6bad9f7c/77307d35af384c7f9a424ba5.json,https://github.com/microsoft/vscode-copilot-chat/releases/tag/v0.38.2026021701,codex-ai-precheck,2026-07-17T03:41:27.953526Z
ver_e533cd011a58708f2c27cf87,doc_7ff085fdccd7f7aa5be93221,GitHub Copilot,github_release,NEEDS_REVIEW,"[""SENSITIVE_PHONE""]",data/raw/github_copilot/github_release/20260717T031124Z_6bad9f7c/f6c84e92c913068818dc2634.json,https://github.com/microsoft/vscode-copilot-chat/releases/tag/v0.34.2025112002,codex-ai-precheck,2026-07-17T03:41:27.953526Z
ver_f5aba0c9f3864162c73157dc,doc_810ad9b15fa4da93dd0d428c,GitHub Copilot,github_release,NEEDS_REVIEW,"[""NO_DIMENSION_LABEL"", ""SENSITIVE_PHONE""]",data/raw/github_copilot/github_release/20260717T031124Z_6bad9f7c/69d5f0ae0ae6783b945f5e59.json,https://github.com/microsoft/vscode-copilot-chat/releases/tag/v0.35.2025120903,codex-ai-precheck,2026-07-17T03:41:27.953526Z
ver_3c18368c6b9cd529a6996e28,doc_81434f973da0d78c88b686b0,GitHub Copilot,github_release,NEEDS_REVIEW,"[""NO_DIMENSION_LABEL"", ""CONTENT_TOO_SHORT"", ""SENSITIVE_PHONE""]",data/raw/github_copilot/github_release/20260717T031124Z_6bad9f7c/0339211bf5f9bdf347edd2d5.json,https://github.com/microsoft/vscode-copilot-chat/releases/tag/v0.32.2025092301,codex-ai-precheck,2026-07-17T03:41:27.953526Z
ver_7a887577ad606b007b242e9d,doc_830738e3970d460f7265676e,GitHub Copilot,github_release,NEEDS_REVIEW,"[""SENSITIVE_PHONE""]",data/raw/github_copilot/github_release/20260717T031124Z_6bad9f7c/a4f9fec7a2251a5dc6451a12.json,https://github.com/microsoft/vscode-copilot-chat/releases/tag/v0.38.2026022501,codex-ai-precheck,2026-07-17T03:41:27.953526Z
ver_a46539ce25db5369be366d49,doc_83d88276abe9637ca1291ac3,GitHub Copilot,github_release,NEEDS_REVIEW,"[""NO_DIMENSION_LABEL"", ""SENSITIVE_PHONE""]",data/raw/github_copilot/github_release/20260717T031124Z_6bad9f7c/a496d42f351bf2390d38d704.json,https://github.com/microsoft/vscode-copilot-chat/releases/tag/v0.31.2025082202,codex-ai-precheck,2026-07-17T03:41:27.953526Z
ver_d1962e88d9cd42e8efe179a0,doc_84358fad7a64d301321e336b,GitHub Copilot,github_release,NEEDS_REVIEW,"[""SENSITIVE_PHONE""]",data/raw/github_copilot/github_release/20260717T031124Z_6bad9f7c/71e377636fe2698a7e779799.json,https://github.com/microsoft/vscode-copilot-chat/releases/tag/v0.40.2026031301,codex-ai-precheck,2026-07-17T03:41:27.953526Z
ver_3b0be7fd617ee94ebfc6a3f2,doc_84b1b5108464bfeb954cf3c0,GitHub Copilot,github_release,NEEDS_REVIEW,"[""SENSITIVE_PHONE""]",data/raw/github_copilot/github_release/20260717T031124Z_6bad9f7c/049df75733358b89d5b85eef.json,https://github.com/microsoft/vscode-copilot-chat/releases/tag/v0.37.2026012301,codex-ai-precheck,2026-07-17T03:41:27.953526Z
ver_af4ec2bd84bee79bf1d657fe,doc_853143bce49b9aa133fa668a,GitHub Copilot,github_release,NEEDS_REVIEW,"[""SENSITIVE_PHONE""]",data/raw/github_copilot/github_release/20260717T031124Z_6bad9f7c/06eb2cd918812192595791dc.json,https://github.com/microsoft/vscode-copilot-chat/releases/tag/v0.38.2026020911,codex-ai-precheck,2026-07-17T03:41:27.953526Z
ver_ed8e67184255670179de5061,doc_85c8f51a19a16acaeee9e7b4,GitHub Copilot,github_release,NEEDS_REVIEW,"[""SENSITIVE_PHONE""]",data/raw/github_copilot/github_release/20260717T031124Z_6bad9f7c/fda54dc3dad91b7b4437be88.json,https://github.com/microsoft/vscode-copilot-chat/releases/tag/v0.37.2026011201,codex-ai-precheck,2026-07-17T03:41:27.953526Z
ver_f589a71bb9b7643818c9e5e6,doc_86311f2ea5da115836f9f4ac,GitHub Copilot,github_release,NEEDS_REVIEW,"[""NO_DIMENSION_LABEL"", ""CONTENT_TOO_SHORT"", ""SENSITIVE_PHONE""]",data/raw/github_copilot/github_release/20260717T031124Z_6bad9f7c/ef8b5cf039378bded7d2155a.json,https://github.com/microsoft/vscode-copilot-chat/releases/tag/v0.38.2026022603,codex-ai-precheck,2026-07-17T03:41:27.953526Z
ver_659f5a27d9151494073c9e3e,doc_86d1b7a7125b451c67f90710,GitHub Copilot,github_release,NEEDS_REVIEW,"[""SENSITIVE_PHONE""]",data/raw/github_copilot/github_release/20260717T031124Z_6bad9f7c/11c938afb8b57734fd489dbd.json,https://github.com/microsoft/vscode-copilot-chat/releases/tag/v0.33.2025101402,codex-ai-precheck,2026-07-17T03:41:27.953526Z
ver_ebb2243b65754b3c771ce23c,doc_87eb8eec1046e290dd29ba4f,GitHub Copilot,github_release,NEEDS_REVIEW,"[""NO_DIMENSION_LABEL"", ""CONTENT_TOO_SHORT""]",data/raw/github_copilot/github_release/20260717T031124Z_6bad9f7c/a50a67c341600180cbad1ad3.json,https://github.com/microsoft/vscode-copilot-chat/releases/tag/v0.30.0,codex-ai-precheck,2026-07-17T03:41:27.953526Z
ver_15f57b74f49d1484153aa161,doc_89821adead2011ef907cbdd1,GitHub Copilot,github_release,NEEDS_REVIEW,"[""SENSITIVE_PHONE""]",data/raw/github_copilot/github_release/20260717T031124Z_6bad9f7c/0a836b97af3a286e3c32f76a.json,https://github.com/microsoft/vscode-copilot-chat/releases/tag/v0.35.2025121002,codex-ai-precheck,2026-07-17T03:41:27.953526Z
ver_dc7582648f0e8da8c2c0592e,doc_906a4091887716d851442266,GitHub Copilot,github_release,NEEDS_REVIEW,"[""SENSITIVE_PHONE""]",data/raw/github_copilot/github_release/20260717T031124Z_6bad9f7c/ef2650f3aa901b070f0f77aa.json,https://github.com/microsoft/vscode-copilot-chat/releases/tag/v0.38.2026021102,codex-ai-precheck,2026-07-17T03:41:27.953526Z
ver_763800a5618ee40ae83bd18c,doc_915e48d83798f1b92af45dcb,GitHub Copilot,github_release,NEEDS_REVIEW,"[""NO_DIMENSION_LABEL"", ""SENSITIVE_PHONE""]",data/raw/github_copilot/github_release/20260717T031124Z_6bad9f7c/cf47ec6e24771bdc6bf707e2.json,https://github.com/microsoft/vscode-copilot-chat/releases/tag/v0.33.2025111103,codex-ai-precheck,2026-07-17T03:41:27.953526Z
ver_350400bb4e2dc16a8afc8e75,doc_917c9f463a082e3b6dc0a78d,GitHub Copilot,github_release,NEEDS_REVIEW,"[""SENSITIVE_PHONE""]",data/raw/github_copilot/github_release/20260717T031124Z_6bad9f7c/e84fe653f562a504042a35f1.json,https://github.com/microsoft/vscode-copilot-chat/releases/tag/v0.37.2026012602,codex-ai-precheck,2026-07-17T03:41:27.953526Z
ver_7024dadc58524899dde4e2d6,doc_91c7f56fc93dcf4053bda4c5,GitHub Copilot,github_release,NEEDS_REVIEW,"[""NO_DIMENSION_LABEL"", ""SENSITIVE_PHONE""]",data/raw/github_copilot/github_release/20260717T031124Z_6bad9f7c/c146f66bb99a7805834e95a9.json,https://github.com/microsoft/vscode-copilot-chat/releases/tag/v0.32.2025091201,codex-ai-precheck,2026-07-17T03:41:27.953526Z
ver_14d73c26d83de8fcfd9eb828,doc_91d4141729f06901477c6498,GitHub Copilot,github_release,NEEDS_REVIEW,"[""NO_DIMENSION_LABEL"", ""CONTENT_TOO_SHORT""]",data/raw/github_copilot/github_release/20260717T031124Z_6bad9f7c/96f04ba33253b62c93919b07.json,https://github.com/microsoft/vscode-copilot-chat/releases/tag/v0.37.6,codex-ai-precheck,2026-07-17T03:41:27.953526Z
ver_c8a0c587149ce1740d2fbb0b,doc_92b08908326eb8629369c107,GitHub Copilot,github_release,NEEDS_REVIEW,"[""NO_DIMENSION_LABEL"", ""CONTENT_TOO_SHORT""]",data/raw/github_copilot/github_release/20260717T031124Z_6bad9f7c/d1846b313c6c3ce4d0fbbd45.json,https://github.com/microsoft/vscode-copilot-chat/releases/tag/v0.33.2,codex-ai-precheck,2026-07-17T03:41:27.953526Z
ver_d6a0a964e6e320abcef7eab0,doc_94c7536ed2b418de97be1ae1,GitHub Copilot,github_release,NEEDS_REVIEW,"[""SENSITIVE_PHONE""]",data/raw/github_copilot/github_release/20260717T031124Z_6bad9f7c/46be24691a94cd62b38ed6c1.json,https://github.com/microsoft/vscode-copilot-chat/releases/tag/v0.33.2025110604,codex-ai-precheck,2026-07-17T03:41:27.953526Z
ver_834d5bf68f937224c7d3b6be,doc_959ec375fb5dcd90f4ac976e,GitHub Copilot,github_release,NEEDS_REVIEW,"[""SENSITIVE_PHONE""]",data/raw/github_copilot/github_release/20260717T031124Z_6bad9f7c/f877dd375a5afa9e19a38431.json,https://github.com/microsoft/vscode-copilot-chat/releases/tag/v0.31.2025081101,codex-ai-precheck,2026-07-17T03:41:27.953526Z
ver_33187860e9963b981d549787,doc_95e10e39c477b5d6e2171387,GitHub Copilot,github_release,NEEDS_REVIEW,"[""NO_DIMENSION_LABEL"", ""CONTENT_TOO_SHORT"", ""SENSITIVE_PHONE""]",data/raw/github_copilot/github_release/20260717T031124Z_6bad9f7c/a2160c458251f4d4ca71a48c.json,https://github.com/microsoft/vscode-copilot-chat/releases/tag/v0.31.2025082501,codex-ai-precheck,2026-07-17T03:41:27.953526Z
ver_b60eaff87c506264aaf4c5b8,doc_985041009a616255a5b29601,GitHub Copilot,github_release,NEEDS_REVIEW,"[""NO_DIMENSION_LABEL"", ""CONTENT_TOO_SHORT""]",data/raw/github_copilot/github_release/20260717T031124Z_6bad9f7c/9a40edd516256d1be630037a.json,https://github.com/microsoft/vscode-copilot-chat/releases/tag/v0.36.0,codex-ai-precheck,2026-07-17T03:41:27.953526Z
ver_eaf4b6f1dfe4c9bad4573824,doc_988bd19e61c87e82c338c033,GitHub Copilot,github_release,NEEDS_REVIEW,"[""SENSITIVE_PHONE""]",data/raw/github_copilot/github_release/20260717T031124Z_6bad9f7c/c4e8d2ee9c79721c0b9d394b.json,https://github.com/microsoft/vscode-copilot-chat/releases/tag/v0.38.2026021801,codex-ai-precheck,2026-07-17T03:41:27.953526Z
ver_722709248a0f42b74fb82e99,doc_9aa36c26c7df221e92ca2d59,GitHub Copilot,github_release,NEEDS_REVIEW,"[""SENSITIVE_PHONE""]",data/raw/github_copilot/github_release/20260717T031124Z_6bad9f7c/7dbd269aaaec6b8c76ede47d.json,https://github.com/microsoft/vscode-copilot-chat/releases/tag/v0.38.2026021702,codex-ai-precheck,2026-07-17T03:41:27.953526Z
ver_a4a9d100ec8de8f72672e076,doc_9cd9e942dc55f0c103770b04,GitHub Copilot,github_release,NEEDS_REVIEW,"[""SENSITIVE_PHONE""]",data/raw/github_copilot/github_release/20260717T031124Z_6bad9f7c/093fa35f8a38f47bb06abfbf.json,https://github.com/microsoft/vscode-copilot-chat/releases/tag/v0.38.2026021602,codex-ai-precheck,2026-07-17T03:41:27.953526Z
ver_c212a09b8a3d196b28945ca7,doc_9d0f0c4bbab35cbf6cf873df,GitHub Copilot,github_release,NEEDS_REVIEW,"[""NO_DIMENSION_LABEL"", ""CONTENT_TOO_SHORT"", ""SENSITIVE_PHONE""]",data/raw/github_copilot/github_release/20260717T031124Z_6bad9f7c/f21f9d64cfe98eee27241cb2.json,https://github.com/microsoft/vscode-copilot-chat/releases/tag/v0.38.2026030203,codex-ai-precheck,2026-07-17T03:41:27.953526Z
ver_64e1bd72fc6b25c70dbca201,doc_9e4f79a0dbbe342481662941,GitHub Copilot,github_release,NEEDS_REVIEW,"[""SENSITIVE_PHONE""]",data/raw/github_copilot/github_release/20260717T031124Z_6bad9f7c/63d442c9ddc4c4d35a468b1a.json,https://github.com/microsoft/vscode-copilot-chat/releases/tag/v0.33.2025101606,codex-ai-precheck,2026-07-17T03:41:27.953526Z
ver_446d1e244a81162b3415a6ee,doc_9e8044c503294b7dcc28f290,GitHub Copilot,github_release,NEEDS_REVIEW,"[""NO_DIMENSION_LABEL""]",data/raw/github_copilot/github_release/20260717T031124Z_6bad9f7c/bf81c834623ad069f31579e1.json,https://github.com/microsoft/vscode-copilot-chat/releases/tag/v0.33.4,codex-ai-precheck,2026-07-17T03:41:27.953526Z
ver_f9eacaa9c30d94067ef3fb56,doc_9ee7189679ebff93333abfd3,GitHub Copilot,github_release,NEEDS_REVIEW,"[""NO_DIMENSION_LABEL"", ""SENSITIVE_PHONE""]",data/raw/github_copilot/github_release/20260717T031124Z_6bad9f7c/ea27dba0b5cdb83476e217cc.json,https://github.com/microsoft/vscode-copilot-chat/releases/tag/v0.31.2025090102,codex-ai-precheck,2026-07-17T03:41:27.953526Z
ver_8bf0cfaa1d47113fb93b446e,doc_a217908ddbb532d7c09a34f5,GitHub Copilot,github_release,NEEDS_REVIEW,"[""SENSITIVE_PHONE""]",data/raw/github_copilot/github_release/20260717T031124Z_6bad9f7c/27c688b04c017e71b1732095.json,https://github.com/microsoft/vscode-copilot-chat/releases/tag/v0.33.2025102406,codex-ai-precheck,2026-07-17T03:41:27.953526Z
ver_1868b0450af54d4cc2b33c1a,doc_a302f167b9f2db0339839601,GitHub Copilot,github_release,NEEDS_REVIEW,"[""SENSITIVE_PHONE""]",data/raw/github_copilot/github_release/20260717T031124Z_6bad9f7c/527c5118ec11c6cfcee68ad8.json,https://github.com/microsoft/vscode-copilot-chat/releases/tag/v0.33.2025103002,codex-ai-precheck,2026-07-17T03:41:27.953526Z
ver_2ae112f1a86cbbd02fc2b917,doc_a36f58c9c65cefd4b0fb30df,GitHub Copilot,github_release,NEEDS_REVIEW,"[""SENSITIVE_PHONE""]",data/raw/github_copilot/github_release/20260717T031124Z_6bad9f7c/5423b0f7df0f03d9f15c2078.json,https://github.com/microsoft/vscode-copilot-chat/releases/tag/v0.31.2025081801,codex-ai-precheck,2026-07-17T03:41:27.953526Z
ver_10a664fab34785bc50290b14,doc_a391b0ee8e7b418da83330e1,GitHub Copilot,github_release,NEEDS_REVIEW,"[""NO_DIMENSION_LABEL"", ""SENSITIVE_PHONE""]",data/raw/github_copilot/github_release/20260717T031124Z_6bad9f7c/4073a31a3bfa59dc419fe1fe.json,https://github.com/microsoft/vscode-copilot-chat/releases/tag/v0.31.2025082702,codex-ai-precheck,2026-07-17T03:41:27.953526Z
ver_607e665d9dc19bb5e397e117,doc_a4310ee36f4b79b8585879a7,GitHub Copilot,github_release,NEEDS_REVIEW,"[""NO_DIMENSION_LABEL"", ""SENSITIVE_PHONE""]",data/raw/github_copilot/github_release/20260717T031124Z_6bad9f7c/4bf4e733ec34f97ee3a3ae9a.json,https://github.com/microsoft/vscode-copilot-chat/releases/tag/v0.38.2026022403,codex-ai-precheck,2026-07-17T03:41:27.953526Z
ver_d09528e778c645804cb6722d,doc_a44c998fbf418a31bfff2333,GitHub Copilot,github_release,NEEDS_REVIEW,"[""NO_DIMENSION_LABEL"", ""CONTENT_TOO_SHORT""]",data/raw/github_copilot/github_release/20260717T031124Z_6bad9f7c/1ffaa2b93e57c18d2e2be818.json,https://github.com/microsoft/vscode-copilot-chat/releases/tag/v0.35.0,codex-ai-precheck,2026-07-17T03:41:27.953526Z
ver_853b5bc11948e1014736b618,doc_a4db99dd16ad43bea0e5f700,GitHub Copilot,github_release,NEEDS_REVIEW,"[""SENSITIVE_PHONE""]",data/raw/github_copilot/github_release/20260717T031124Z_6bad9f7c/08cda795d9b298789ee0e28f.json,https://github.com/microsoft/vscode-copilot-chat/releases/tag/v0.34.2025112102,codex-ai-precheck,2026-07-17T03:41:27.953526Z
ver_b44666df7926be8f82b9d8a9,doc_a5084f9d92255071f3e6ecd5,GitHub Copilot,github_release,NEEDS_REVIEW,"[""SENSITIVE_PHONE""]",data/raw/github_copilot/github_release/20260717T031124Z_6bad9f7c/c04054e0068f911a782bfc39.json,https://github.com/microsoft/vscode-copilot-chat/releases/tag/v0.37.2026010903,codex-ai-precheck,2026-07-17T03:41:27.953526Z
ver_77057ce51346bd6b47c395ac,doc_a527492751a2a775f1c2d4d0,GitHub Copilot,github_release,NEEDS_REVIEW,"[""NO_DIMENSION_LABEL"", ""CONTENT_TOO_SHORT"", ""SENSITIVE_PHONE""]",data/raw/github_copilot/github_release/20260717T031124Z_6bad9f7c/91d6bd6b842b232fc7587806.json,https://github.com/microsoft/vscode-copilot-chat/releases/tag/v0.38.2026030402,codex-ai-precheck,2026-07-17T03:41:27.953526Z
ver_911cf75eec7b63a4a2c2fc69,doc_a5a95a2e869993e0a8e69e64,GitHub Copilot,github_release,NEEDS_REVIEW,"[""SENSITIVE_PHONE""]",data/raw/github_copilot/github_release/20260717T031124Z_6bad9f7c/066cfcac3400192c31c8b7f1.json,https://github.com/microsoft/vscode-copilot-chat/releases/tag/v0.31.2025082212,codex-ai-precheck,2026-07-17T03:41:27.953526Z
ver_de20e5ba7b376efb609ce849,doc_a67a2e697c97ee9e946630ac,GitHub Copilot,github_release,NEEDS_REVIEW,"[""NO_DIMENSION_LABEL"", ""SENSITIVE_PHONE""]",data/raw/github_copilot/github_release/20260717T031124Z_6bad9f7c/3366bb6ed23bff738fd10b07.json,https://github.com/microsoft/vscode-copilot-chat/releases/tag/v0.32.2025092602,codex-ai-precheck,2026-07-17T03:41:27.953526Z
ver_b99c64d3df1a397673c9d2a5,doc_a6e90d9541e6ab328174a982,GitHub Copilot,github_release,NEEDS_REVIEW,"[""NO_DIMENSION_LABEL"", ""CONTENT_TOO_SHORT"", ""SENSITIVE_PHONE""]",data/raw/github_copilot/github_release/20260717T031124Z_6bad9f7c/2927dabdd3281aa359851008.json,https://github.com/microsoft/vscode-copilot-chat/releases/tag/v0.37.2026012801,codex-ai-precheck,2026-07-17T03:41:27.953526Z
ver_819224723df260036f95c832,doc_a7d47ccd17292c765777fa07,GitHub Copilot,github_release,NEEDS_REVIEW,"[""NO_DIMENSION_LABEL"", ""CONTENT_TOO_SHORT"", ""SENSITIVE_PHONE""]",data/raw/github_copilot/github_release/20260717T031124Z_6bad9f7c/060563343c0ec0d20fa99e11.json,https://github.com/microsoft/vscode-copilot-chat/releases/tag/v0.37.2026012601,codex-ai-precheck,2026-07-17T03:41:27.953526Z
ver_4768367200d55138a4bffa39,doc_a7f69952183e871476662462,GitHub Copilot,github_release,NEEDS_REVIEW,"[""SENSITIVE_PHONE""]",data/raw/github_copilot/github_release/20260717T031124Z_6bad9f7c/a03b52e74b3df2a00ba1ecf5.json,https://github.com/microsoft/vscode-copilot-chat/releases/tag/v0.31.2025082602,codex-ai-precheck,2026-07-17T03:41:27.953526Z
ver_6ed91264be0adafb3c764ae2,doc_a8a67a6c711edc6e504c4e09,GitHub Copilot,github_release,NEEDS_REVIEW,"[""SENSITIVE_PHONE""]",data/raw/github_copilot/github_release/20260717T031124Z_6bad9f7c/7a6e76fff60386a83b4f0eeb.json,https://github.com/microsoft/vscode-copilot-chat/releases/tag/v0.37.2026013001,codex-ai-precheck,2026-07-17T03:41:27.953526Z
ver_d33c947bc73aa29819a8b7cc,doc_a90d7eb7d034447d2166e704,GitHub Copilot,github_release,NEEDS_REVIEW,"[""NO_DIMENSION_LABEL"", ""SENSITIVE_PHONE""]",data/raw/github_copilot/github_release/20260717T031124Z_6bad9f7c/1fa9a25f13a238a88cd550fa.json,https://github.com/microsoft/vscode-copilot-chat/releases/tag/v0.33.2025110501,codex-ai-precheck,2026-07-17T03:41:27.953526Z
ver_604fc0b40a6dda07d246edd9,doc_a93ca12dbfb8cc2a71bf70e0,GitHub Copilot,github_release,NEEDS_REVIEW,"[""NO_DIMENSION_LABEL"", ""CONTENT_TOO_SHORT"", ""SENSITIVE_PHONE""]",data/raw/github_copilot/github_release/20260717T031124Z_6bad9f7c/77805c626bf6a3859672e153.json,https://github.com/microsoft/vscode-copilot-chat/releases/tag/v0.34.2025120404,codex-ai-precheck,2026-07-17T03:41:27.953526Z
ver_f0918bff8c89e13635f304c4,doc_a9866d64f0205510fe906b8b,GitHub Copilot,github_release,NEEDS_REVIEW,"[""NO_DIMENSION_LABEL""]",data/raw/github_copilot/github_release/20260717T031124Z_6bad9f7c/adebabba47912537eaf9c017.json,https://github.com/microsoft/vscode-copilot-chat/releases/tag/v0.33.1,codex-ai-precheck,2026-07-17T03:41:27.953526Z
ver_feba4de276d0252e28dc02ba,doc_aae515526add8429f9500907,GitHub Copilot,github_release,NEEDS_REVIEW,"[""NO_DIMENSION_LABEL"", ""CONTENT_TOO_SHORT"", ""SENSITIVE_PHONE""]",data/raw/github_copilot/github_release/20260717T031124Z_6bad9f7c/a4bdc3aa2e850afc16d8a98d.json,https://github.com/microsoft/vscode-copilot-chat/releases/tag/v0.35.2025120501,codex-ai-precheck,2026-07-17T03:41:27.953526Z
ver_651e4b35fa4f0938fccd9f25,doc_ab3b98d48db657fbf4d1123c,GitHub Copilot,github_release,NEEDS_REVIEW,"[""NO_DIMENSION_LABEL"", ""SENSITIVE_PHONE""]",data/raw/github_copilot/github_release/20260717T031124Z_6bad9f7c/1a1f2ecf26dcad4f1028e42e.json,https://github.com/microsoft/vscode-copilot-chat/releases/tag/v0.32.2025091801,codex-ai-precheck,2026-07-17T03:41:27.953526Z
ver_0cd75377acc3f1a74469dd86,doc_abda3446e5be94663424fa06,GitHub Copilot,github_release,NEEDS_REVIEW,"[""SENSITIVE_PHONE""]",data/raw/github_copilot/github_release/20260717T031124Z_6bad9f7c/01e6187f26a4589ff9b3d8d0.json,https://github.com/microsoft/vscode-copilot-chat/releases/tag/v0.38.2026022303,codex-ai-precheck,2026-07-17T03:41:27.953526Z
ver_e7d94cc296309c3f725bcd14,doc_ac2631540ffb920daabc96ae,GitHub Copilot,github_release,NEEDS_REVIEW,"[""NO_DIMENSION_LABEL"", ""CONTENT_TOO_SHORT"", ""SENSITIVE_PHONE""]",data/raw/github_copilot/github_release/20260717T031124Z_6bad9f7c/ed87122f23194b003ca09152.json,https://github.com/microsoft/vscode-copilot-chat/releases/tag/v0.33.2025102001,codex-ai-precheck,2026-07-17T03:41:27.953526Z
ver_bd701543b6ec3467ab114e8c,doc_ac300d00e6225d2d5c336b2b,GitHub Copilot,github_release,NEEDS_REVIEW,"[""SENSITIVE_PHONE""]",data/raw/github_copilot/github_release/20260717T031124Z_6bad9f7c/45d52453eb6c58583f93229e.json,https://github.com/microsoft/vscode-copilot-chat/releases/tag/v0.37.2026012101,codex-ai-precheck,2026-07-17T03:41:27.953526Z
ver_ed81be50ff9686dfd3d385ac,doc_ac33016475cdfc5abd9b6bfa,GitHub Copilot,github_release,NEEDS_REVIEW,"[""SENSITIVE_PHONE""]",data/raw/github_copilot/github_release/20260717T031124Z_6bad9f7c/509a39fe26c87685ef36c2dd.json,https://github.com/microsoft/vscode-copilot-chat/releases/tag/v0.33.2025110401,codex-ai-precheck,2026-07-17T03:41:27.953526Z
ver_3cff0311e9ebdf23cbe43a6d,doc_ad8b85e9ca1ef97108265e36,GitHub Copilot,github_release,NEEDS_REVIEW,"[""NO_DIMENSION_LABEL""]",data/raw/github_copilot/github_release/20260717T031124Z_6bad9f7c/09c37fe4bef060f1faf89fb3.json,https://github.com/microsoft/vscode-copilot-chat/releases/tag/v0.32.4,codex-ai-precheck,2026-07-17T03:41:27.953526Z
ver_e42b2841fe950f7a18b98418,doc_ae2ef5f5c9a2275e018a72ae,GitHub Copilot,github_release,NEEDS_REVIEW,"[""NO_DIMENSION_LABEL"", ""CONTENT_TOO_SHORT"", ""SENSITIVE_PHONE""]",data/raw/github_copilot/github_release/20260717T031124Z_6bad9f7c/463d52d3427451aecffb697e.json,https://github.com/microsoft/vscode-copilot-chat/releases/tag/v0.36.2025121901,codex-ai-precheck,2026-07-17T03:41:27.953526Z
ver_2b899fbbb39a9a097e652847,doc_aed585e05cb8d845afe5b717,GitHub Copilot,github_release,NEEDS_REVIEW,"[""NO_DIMENSION_LABEL"", ""SENSITIVE_PHONE""]",data/raw/github_copilot/github_release/20260717T031124Z_6bad9f7c/9f0bfb4eb8eeb4d0967dc79a.json,https://github.com/microsoft/vscode-copilot-chat/releases/tag/v0.38.2026022504,codex-ai-precheck,2026-07-17T03:41:27.953526Z
ver_7cad93346840f1c85b24cd59,doc_aef41a0090d2097ad907e0c1,GitHub Copilot,github_release,NEEDS_REVIEW,"[""NO_DIMENSION_LABEL"", ""SENSITIVE_PHONE""]",data/raw/github_copilot/github_release/20260717T031124Z_6bad9f7c/1bd8a219401e1e8a5ca1888d.json,https://github.com/microsoft/vscode-copilot-chat/releases/tag/v0.37.2026010902,codex-ai-precheck,2026-07-17T03:41:27.953526Z
ver_90b3beaf05f1f295f5410e71,doc_af201b2ef39988ea88992619,GitHub Copilot,github_release,NEEDS_REVIEW,"[""SENSITIVE_PHONE""]",data/raw/github_copilot/github_release/20260717T031124Z_6bad9f7c/633c03496a3eefba324d3528.json,https://github.com/microsoft/vscode-copilot-chat/releases/tag/v0.42.2026032701,codex-ai-precheck,2026-07-17T03:41:27.953526Z
ver_02f1e1b84b0067641f786d36,doc_af2ccc3979bc70b02d6c4790,GitHub Copilot,github_release,NEEDS_REVIEW,"[""NO_DIMENSION_LABEL"", ""SENSITIVE_PHONE""]",data/raw/github_copilot/github_release/20260717T031124Z_6bad9f7c/17accb37b6deb0d80182ec7a.json,https://github.com/microsoft/vscode-copilot-chat/releases/tag/v0.30.2025072103,codex-ai-precheck,2026-07-17T03:41:27.953526Z
ver_817c5e786dbf445495461016,doc_afefca55a264274f0febb1ee,GitHub Copilot,github_release,NEEDS_REVIEW,"[""SENSITIVE_PHONE""]",data/raw/github_copilot/github_release/20260717T031124Z_6bad9f7c/57f0721810bafdf09f8c2fa0.json,https://github.com/microsoft/vscode-copilot-chat/releases/tag/v0.33.2025102203,codex-ai-precheck,2026-07-17T03:41:27.953526Z
ver_d865c0ba1e1e2b4559e3b213,doc_b0d6e5850c107aeb6bee01b5,GitHub Copilot,github_release,NEEDS_REVIEW,"[""SENSITIVE_PHONE""]",data/raw/github_copilot/github_release/20260717T031124Z_6bad9f7c/1f1afe79c5014ea6b45d519a.json,https://github.com/microsoft/vscode-copilot-chat/releases/tag/v0.31.2025090803,codex-ai-precheck,2026-07-17T03:41:27.953526Z
ver_0e2fe2cb813a7722c71eb8eb,doc_b1732ee79a900b9309df7e07,GitHub Copilot,github_release,NEEDS_REVIEW,"[""NO_DIMENSION_LABEL"", ""SENSITIVE_PHONE""]",data/raw/github_copilot/github_release/20260717T031124Z_6bad9f7c/c5e9f49932640669e3cf7dea.json,https://github.com/microsoft/vscode-copilot-chat/releases/tag/v0.38.2026030302,codex-ai-precheck,2026-07-17T03:41:27.953526Z
ver_87e36616a3c798e46b6b1617,doc_b2f0bed53008ef50cf709f63,GitHub Copilot,github_release,NEEDS_REVIEW,"[""SENSITIVE_PHONE""]",data/raw/github_copilot/github_release/20260717T031124Z_6bad9f7c/0c866bea2c6b84a215d69e67.json,https://github.com/microsoft/vscode-copilot-chat/releases/tag/v0.40.2026031101,codex-ai-precheck,2026-07-17T03:41:27.953526Z
ver_955c485b4e600241b0a91aa7,doc_b3b6a0ddda20c387ba377314,GitHub Copilot,github_release,NEEDS_REVIEW,"[""NO_DIMENSION_LABEL"", ""CONTENT_TOO_SHORT"", ""SENSITIVE_PHONE""]",data/raw/github_copilot/github_release/20260717T031124Z_6bad9f7c/bcba2216785d9a61318a9f15.json,https://github.com/microsoft/vscode-copilot-chat/releases/tag/v0.31.2025090401,codex-ai-precheck,2026-07-17T03:41:27.953526Z
ver_d2eb987c25ec3c9fc4f026c2,doc_b4229f8ab42eeafe8ac2333a,GitHub Copilot,github_release,NEEDS_REVIEW,"[""SENSITIVE_PHONE""]",data/raw/github_copilot/github_release/20260717T031124Z_6bad9f7c/d409edaed844a83a88604990.json,https://github.com/microsoft/vscode-copilot-chat/releases/tag/v0.34.2025120202,codex-ai-precheck,2026-07-17T03:41:27.953526Z
ver_43ab66769674ddea4f549d4c,doc_b485a4a58c0e1c418195c04e,GitHub Copilot,github_release,NEEDS_REVIEW,"[""SENSITIVE_PHONE""]",data/raw/github_copilot/github_release/20260717T031124Z_6bad9f7c/1cc5599ede7aa8b02a234143.json,https://github.com/microsoft/vscode-copilot-chat/releases/tag/v0.40.2026031201,codex-ai-precheck,2026-07-17T03:41:27.953526Z
ver_21fa0067ddd0bbfd3b5f9ce5,doc_b583bab0a6797f4b45585afd,GitHub Copilot,github_release,NEEDS_REVIEW,"[""NO_DIMENSION_LABEL"", ""SENSITIVE_PHONE""]",data/raw/github_copilot/github_release/20260717T031124Z_6bad9f7c/8cb835b30a16d538d8f724fd.json,https://github.com/microsoft/vscode-copilot-chat/releases/tag/v0.32.2025092201,codex-ai-precheck,2026-07-17T03:41:27.953526Z
ver_f2fd588ecde1aae13e31e057,doc_b72f4e678850aebf0fc00ed0,GitHub Copilot,github_release,NEEDS_REVIEW,"[""SENSITIVE_PHONE""]",data/raw/github_copilot/github_release/20260713T162601Z_fda2c425/8df6845a7900f719276a82cc.json,https://github.com/microsoft/vscode-copilot-chat/releases/tag/v0.30.2025071601,codex-ai-precheck,2026-07-17T03:41:27.953526Z
ver_139f9cb2784015f7d64b7f7b,doc_b777d1b17ec9272b8f763726,GitHub Copilot,github_release,NEEDS_REVIEW,"[""SENSITIVE_PHONE""]",data/raw/github_copilot/github_release/20260717T031124Z_6bad9f7c/e3c3128c1968d5da009fc905.json,https://github.com/microsoft/vscode-copilot-chat/releases/tag/v0.33.2025110701,codex-ai-precheck,2026-07-17T03:41:27.953526Z
ver_314b763d10881bfe8e5bfea2,doc_b8c0ac9f63eaf05c793d9c6d,GitHub Copilot,github_release,NEEDS_REVIEW,"[""SENSITIVE_PHONE""]",data/raw/github_copilot/github_release/20260717T031124Z_6bad9f7c/b09badc8bc8df5fef589e030.json,https://github.com/microsoft/vscode-copilot-chat/releases/tag/v0.40.2026031003,codex-ai-precheck,2026-07-17T03:41:27.953526Z
ver_0ffc04817c7fcd04092df387,doc_b8e402e913c01d08f6e3548c,GitHub Copilot,github_release,NEEDS_REVIEW,"[""NO_DIMENSION_LABEL"", ""SENSITIVE_PHONE""]",data/raw/github_copilot/github_release/20260717T031124Z_6bad9f7c/8f6a8f57b1a0230ca9251213.json,https://github.com/microsoft/vscode-copilot-chat/releases/tag/v0.38.2026020503,codex-ai-precheck,2026-07-17T03:41:27.953526Z
ver_53c11777f39ca788bbf5eb18,doc_b8e9950bb3d08b159ee4d693,GitHub Copilot,github_release,NEEDS_REVIEW,"[""SENSITIVE_PHONE""]",data/raw/github_copilot/github_release/20260717T031124Z_6bad9f7c/9c4992205b9f474105504c83.json,https://github.com/microsoft/vscode-copilot-chat/releases/tag/v0.34.2025120302,codex-ai-precheck,2026-07-17T03:41:27.953526Z
ver_39a046db3f480c25999197c4,doc_b9a4709b27fee7ef9083b1a0,GitHub Copilot,github_release,NEEDS_REVIEW,"[""NO_DIMENSION_LABEL"", ""SENSITIVE_PHONE""]",data/raw/github_copilot/github_release/20260717T031124Z_6bad9f7c/2c523c5c8c1b85300cd1611d.json,https://github.com/microsoft/vscode-copilot-chat/releases/tag/v0.37.2026012702,codex-ai-precheck,2026-07-17T03:41:27.953526Z
ver_e9b13825e87dbd455596ac7f,doc_ba9394a13111bad90576122f,GitHub Copilot,github_release,NEEDS_REVIEW,"[""SENSITIVE_PHONE""]",data/raw/github_copilot/github_release/20260717T031124Z_6bad9f7c/973578a7ac9fb9ef9d54c182.json,https://github.com/microsoft/vscode-copilot-chat/releases/tag/v0.42.2026032404,codex-ai-precheck,2026-07-17T03:41:27.953526Z
ver_c46dc1bf95effe00883a9ed7,doc_ba983d7d911b6f87f5ae3d60,GitHub Copilot,github_release,NEEDS_REVIEW,"[""SENSITIVE_PHONE""]",data/raw/github_copilot/github_release/20260717T031124Z_6bad9f7c/ecdf3f5d654610b4f081336a.json,https://github.com/microsoft/vscode-copilot-chat/releases/tag/v0.36.2026010601,codex-ai-precheck,2026-07-17T03:41:27.953526Z
ver_f129e47df4430b65ef149b5d,doc_bac57dec2046827362fd4cfb,GitHub Copilot,github_release,NEEDS_REVIEW,"[""SENSITIVE_PHONE""]",data/raw/github_copilot/github_release/20260717T031124Z_6bad9f7c/1614e6ccd05e7708484619d7.json,https://github.com/microsoft/vscode-copilot-chat/releases/tag/v0.37.2026011403,codex-ai-precheck,2026-07-17T03:41:27.953526Z
ver_da6a1e5fbf133cdf89724c32,doc_bb230c1d8078cbd8dd59cd06,GitHub Copilot,github_release,NEEDS_REVIEW,"[""SENSITIVE_PHONE""]",data/raw/github_copilot/github_release/20260717T031124Z_6bad9f7c/2844898496c0482d2370b4b2.json,https://github.com/microsoft/vscode-copilot-chat/releases/tag/v0.34.2025120102,codex-ai-precheck,2026-07-17T03:41:27.953526Z
ver_bfbf6b7e996a44adcbfa91f6,doc_bb4a76462da0ef22a026b5f0,GitHub Copilot,github_release,NEEDS_REVIEW,"[""NO_DIMENSION_LABEL"", ""SENSITIVE_PHONE""]",data/raw/github_copilot/github_release/20260717T031124Z_6bad9f7c/b9872d84bbc9aaf821b49dae.json,https://github.com/microsoft/vscode-copilot-chat/releases/tag/v0.38.2026021103,codex-ai-precheck,2026-07-17T03:41:27.953526Z
ver_1934879642b7b53968c45395,doc_bd38ae6a030f9eebd39c77d9,GitHub Copilot,github_release,NEEDS_REVIEW,"[""SENSITIVE_PHONE""]",data/raw/github_copilot/github_release/20260717T031124Z_6bad9f7c/177d1afcfd30b8e9269c030a.json,https://github.com/microsoft/vscode-copilot-chat/releases/tag/v0.36.2025121102,codex-ai-precheck,2026-07-17T03:41:27.953526Z
ver_d4de5df441444e51d5c077e7,doc_bf64b54e7aa899f1985036b8,GitHub Copilot,github_release,NEEDS_REVIEW,"[""SENSITIVE_PHONE""]",data/raw/github_copilot/github_release/20260717T031124Z_6bad9f7c/9cd59ecc3128490074895a09.json,https://github.com/microsoft/vscode-copilot-chat/releases/tag/v0.33.2025102201,codex-ai-precheck,2026-07-17T03:41:27.953526Z
ver_00eabbf50e8dd72665edf589,doc_c13dad4f7f16833c49dd4dac,GitHub Copilot,github_release,NEEDS_REVIEW,"[""NO_DIMENSION_LABEL"", ""CONTENT_TOO_SHORT"", ""SENSITIVE_PHONE""]",data/raw/github_copilot/github_release/20260717T031124Z_6bad9f7c/97b79357ddbf3b0f2372bcf0.json,https://github.com/microsoft/vscode-copilot-chat/releases/tag/v0.32.2025092302,codex-ai-precheck,2026-07-17T03:41:27.953526Z
ver_622e44f2e59591db1659b3ba,doc_c17721a6b2361116c229a7ab,GitHub Copilot,github_release,NEEDS_REVIEW,"[""SENSITIVE_PHONE""]",data/raw/github_copilot/github_release/20260717T031124Z_6bad9f7c/59c99e0f2fc65f0cd2864977.json,https://github.com/microsoft/vscode-copilot-chat/releases/tag/v0.31.2025082201,codex-ai-precheck,2026-07-17T03:41:27.953526Z
ver_c46192bc942683a67fbfc652,doc_c1775a702706d0a53841341a,GitHub Copilot,github_release,NEEDS_REVIEW,"[""SENSITIVE_PHONE""]",data/raw/github_copilot/github_release/20260717T031124Z_6bad9f7c/912194f33e08893e16e77d5c.json,https://github.com/microsoft/vscode-copilot-chat/releases/tag/v0.38.2026021301,codex-ai-precheck,2026-07-17T03:41:27.953526Z
ver_711cdf07ea92c475135488ca,doc_c1b5146a9a331f3f2014e6f8,GitHub Copilot,github_release,NEEDS_REVIEW,"[""NO_DIMENSION_LABEL"", ""SENSITIVE_PHONE""]",data/raw/github_copilot/github_release/20260717T031124Z_6bad9f7c/c70b98d64bf0d13474b33807.json,https://github.com/microsoft/vscode-copilot-chat/releases/tag/v0.33.2025102704,codex-ai-precheck,2026-07-17T03:41:27.953526Z
ver_150b706d56d3eaca250bd8df,doc_c3af4ea018d942767e37827d,GitHub Copilot,github_release,NEEDS_REVIEW,"[""SENSITIVE_PHONE""]",data/raw/github_copilot/github_release/20260717T031124Z_6bad9f7c/9e2c710ce3447a26b551e460.json,https://github.com/microsoft/vscode-copilot-chat/releases/tag/v0.33.2025101302,codex-ai-precheck,2026-07-17T03:41:27.953526Z
ver_7c968be6b9617cd56dbfcce9,doc_c571058ce12df1e9a692fae8,GitHub Copilot,github_release,NEEDS_REVIEW,"[""SENSITIVE_PHONE""]",data/raw/github_copilot/github_release/20260717T031124Z_6bad9f7c/ce2ad40a0a5041cad0d7177c.json,https://github.com/microsoft/vscode-copilot-chat/releases/tag/v0.38.2026020701,codex-ai-precheck,2026-07-17T03:41:27.953526Z
ver_4449a2b91780857fd1cad6ba,doc_c581930783b1eb5ad543db66,GitHub Copilot,github_release,NEEDS_REVIEW,"[""NO_DIMENSION_LABEL""]",data/raw/github_copilot/github_release/20260717T031124Z_6bad9f7c/1420584f67bf5002f89eaa2b.json,https://github.com/microsoft/vscode-copilot-chat/releases/tag/v0.42.2,codex-ai-precheck,2026-07-17T03:41:27.953526Z
ver_a7d6497caabe6ef9f7c0b4cf,doc_c5a95496a9f1fa9c38bc7c7d,GitHub Copilot,github_release,NEEDS_REVIEW,"[""SENSITIVE_PHONE""]",data/raw/github_copilot/github_release/20260717T031124Z_6bad9f7c/147644a3ff437e813b4ee450.json,https://github.com/microsoft/vscode-copilot-chat/releases/tag/v0.35.2025120804,codex-ai-precheck,2026-07-17T03:41:27.953526Z
ver_f49f70dc8bfe21e89de337b4,doc_c5e6b5505bcb76afb0449b37,GitHub Copilot,github_release,NEEDS_REVIEW,"[""NO_DIMENSION_LABEL"", ""SENSITIVE_PHONE""]",data/raw/github_copilot/github_release/20260717T031124Z_6bad9f7c/e031068bfc0ecf82e05a1c04.json,https://github.com/microsoft/vscode-copilot-chat/releases/tag/v0.31.2025082802,codex-ai-precheck,2026-07-17T03:41:27.953526Z
ver_3756321b2559144b8f763042,doc_c7dd2bdead0bfeee5291023b,GitHub Copilot,github_release,NEEDS_REVIEW,"[""SENSITIVE_PHONE""]",data/raw/github_copilot/github_release/20260717T031124Z_6bad9f7c/f91572d50f6c2ff0302fead0.json,https://github.com/microsoft/vscode-copilot-chat/releases/tag/v0.38.2026022001,codex-ai-precheck,2026-07-17T03:41:27.953526Z
ver_244d44f2f2932ffcaae3a786,doc_c85d1243cdf22d92e25b4582,GitHub Copilot,github_release,NEEDS_REVIEW,"[""SENSITIVE_PHONE""]",data/raw/github_copilot/github_release/20260717T031124Z_6bad9f7c/82ce8a5ed0a27ad1898be264.json,https://github.com/microsoft/vscode-copilot-chat/releases/tag/v0.38.2026021002,codex-ai-precheck,2026-07-17T03:41:27.953526Z
ver_219b6fef30aef71ef2d4e0fb,doc_c8a29624cd2ec3accb914271,GitHub Copilot,github_release,NEEDS_REVIEW,"[""NO_DIMENSION_LABEL"", ""CONTENT_TOO_SHORT"", ""SENSITIVE_PHONE""]",data/raw/github_copilot/github_release/20260717T031124Z_6bad9f7c/d136dc4dacd63fbd67ad82ff.json,https://github.com/microsoft/vscode-copilot-chat/releases/tag/v0.31.2025082801,codex-ai-precheck,2026-07-17T03:41:27.953526Z
ver_47c73817efd26617a272b8ee,doc_c94169ac7305a7b4a0efe29a,GitHub Copilot,github_release,NEEDS_REVIEW,"[""SENSITIVE_PHONE""]",data/raw/github_copilot/github_release/20260717T031124Z_6bad9f7c/babe9947633b7be8979b7dbf.json,https://github.com/microsoft/vscode-copilot-chat/releases/tag/v0.31.2025090302,codex-ai-precheck,2026-07-17T03:41:27.953526Z
ver_eda27935447af15e21b7fb74,doc_ca14aa3cb49aeac070311937,GitHub Copilot,github_release,NEEDS_REVIEW,"[""SENSITIVE_PHONE""]",data/raw/github_copilot/github_release/20260717T031124Z_6bad9f7c/ba23f9489e29aa2c7a9b51bc.json,https://github.com/microsoft/vscode-copilot-chat/releases/tag/v0.36.2025121601,codex-ai-precheck,2026-07-17T03:41:27.953526Z
ver_393560ab2d9653638fd0f190,doc_caadb35ed0fb99b92ae44969,GitHub Copilot,github_release,NEEDS_REVIEW,"[""NO_DIMENSION_LABEL"", ""CONTENT_TOO_SHORT"", ""SENSITIVE_PHONE""]",data/raw/github_copilot/github_release/20260717T031124Z_6bad9f7c/c58b55bebc56ffb886c15bd4.json,https://github.com/microsoft/vscode-copilot-chat/releases/tag/v0.43.2026040602,codex-ai-precheck,2026-07-17T03:41:27.953526Z
ver_9657e409d2e70e73369c00bc,doc_cad5a0c69ed44aba9bd4de71,GitHub Copilot,github_release,NEEDS_REVIEW,"[""NO_DIMENSION_LABEL"", ""CONTENT_TOO_SHORT"", ""SENSITIVE_PHONE""]",data/raw/github_copilot/github_release/20260717T031124Z_6bad9f7c/5a2d2f0b7bce0d98fa5fe78d.json,https://github.com/microsoft/vscode-copilot-chat/releases/tag/v0.43.2026040202,codex-ai-precheck,2026-07-17T03:41:27.953526Z
ver_46734241d785d67c74a5f080,doc_cb6ca01d44d61263458b1043,GitHub Copilot,github_release,NEEDS_REVIEW,"[""NO_DIMENSION_LABEL"", ""CONTENT_TOO_SHORT"", ""SENSITIVE_PHONE""]",data/raw/github_copilot/github_release/20260717T031124Z_6bad9f7c/f4cba4ea0e6fa98cf46cf42b.json,https://github.com/microsoft/vscode-copilot-chat/releases/tag/v0.43.2026040203,codex-ai-precheck,2026-07-17T03:41:27.953526Z
ver_3d3e70ac1427a374e09e8a13,doc_cbd3fb2006e55117bb1a96b5,GitHub Copilot,github_release,NEEDS_REVIEW,"[""SENSITIVE_PHONE""]",data/raw/github_copilot/github_release/20260717T031124Z_6bad9f7c/1e5f9ebd6b5b268b90e6f906.json,https://github.com/microsoft/vscode-copilot-chat/releases/tag/v0.38.2026021202,codex-ai-precheck,2026-07-17T03:41:27.953526Z
ver_61ac4b39c8d85bd617ee0878,doc_cc0ac2fc5814788aa13ce1cb,GitHub Copilot,github_release,NEEDS_REVIEW,"[""NO_DIMENSION_LABEL"", ""CONTENT_TOO_SHORT"", ""SENSITIVE_PHONE""]",data/raw/github_copilot/github_release/20260717T031124Z_6bad9f7c/46f745a036d2935dc826e050.json,https://github.com/microsoft/vscode-copilot-chat/releases/tag/v0.32.2025100203,codex-ai-precheck,2026-07-17T03:41:27.953526Z
ver_187aca0ba70589715418ec8a,doc_cd2428b13c80ef2dcf24f877,GitHub Copilot,github_release,NEEDS_REVIEW,"[""SENSITIVE_PHONE""]",data/raw/github_copilot/github_release/20260717T031124Z_6bad9f7c/5e0df106244445ee5077498c.json,https://github.com/microsoft/vscode-copilot-chat/releases/tag/v0.30.2025071701,codex-ai-precheck,2026-07-17T03:41:27.953526Z
ver_55c249b976c9f9f441439afc,doc_cd5fb1341e97d3eb0045424f,GitHub Copilot,github_release,NEEDS_REVIEW,"[""SENSITIVE_PHONE""]",data/raw/github_copilot/github_release/20260717T031124Z_6bad9f7c/38585c5c5d1b7a2106570c17.json,https://github.com/microsoft/vscode-copilot-chat/releases/tag/v0.37.2026011401,codex-ai-precheck,2026-07-17T03:41:27.953526Z
ver_0df8194dc371aa56f1960814,doc_cda1d01aab56d17f08455bf2,GitHub Copilot,github_release,NEEDS_REVIEW,"[""SENSITIVE_PHONE""]",data/raw/github_copilot/github_release/20260717T031124Z_6bad9f7c/8d9e10841ff3769ae41329f4.json,https://github.com/microsoft/vscode-copilot-chat/releases/tag/v0.37.2026011902,codex-ai-precheck,2026-07-17T03:41:27.953526Z
ver_884da8145a21d15dcec06600,doc_cde3623c199503cd2b057b5f,GitHub Copilot,github_release,NEEDS_REVIEW,"[""SENSITIVE_PHONE""]",data/raw/github_copilot/github_release/20260717T031124Z_6bad9f7c/5726cdfab462a5e4b9ba715b.json,https://github.com/microsoft/vscode-copilot-chat/releases/tag/v0.33.2025102204,codex-ai-precheck,2026-07-17T03:41:27.953526Z
ver_f0bf96f1c9dffd73f6a6fb6f,doc_ce0d6d86504bae05e65c4186,GitHub Copilot,github_release,NEEDS_REVIEW,"[""NO_DIMENSION_LABEL"", ""CONTENT_TOO_SHORT"", ""SENSITIVE_PHONE""]",data/raw/github_copilot/github_release/20260717T031124Z_6bad9f7c/709f5d65bf3e30c42f61bb57.json,https://github.com/microsoft/vscode-copilot-chat/releases/tag/v0.32.2025091701,codex-ai-precheck,2026-07-17T03:41:27.953526Z
ver_82faacaf6541fa45bf240295,doc_cea6bdf87444c399081ce5fe,GitHub Copilot,github_release,NEEDS_REVIEW,"[""NO_DIMENSION_LABEL"", ""CONTENT_TOO_SHORT"", ""SENSITIVE_PHONE""]",data/raw/github_copilot/github_release/20260717T031124Z_6bad9f7c/397746fa3883b21aaf84f46c.json,https://github.com/microsoft/vscode-copilot-chat/releases/tag/v0.38.2026022506,codex-ai-precheck,2026-07-17T03:41:27.953526Z
ver_81d9b1c99bbff1ea0906667f,doc_cfb0b37fab586b68770da0f9,GitHub Copilot,github_release,NEEDS_REVIEW,"[""SENSITIVE_PHONE""]",data/raw/github_copilot/github_release/20260717T031124Z_6bad9f7c/02f6770718ee914044737764.json,https://github.com/microsoft/vscode-copilot-chat/releases/tag/v0.33.2025102404,codex-ai-precheck,2026-07-17T03:41:27.953526Z
ver_8b91c2ec77b0cb86aef1f6ed,doc_d003568d2f481e03f3bd62d4,GitHub Copilot,github_release,NEEDS_REVIEW,"[""SENSITIVE_PHONE""]",data/raw/github_copilot/github_release/20260717T031124Z_6bad9f7c/2dcfde89386e581f84f93e0d.json,https://github.com/microsoft/vscode-copilot-chat/releases/tag/v0.31.2025082213,codex-ai-precheck,2026-07-17T03:41:27.953526Z
ver_6ca6a53544ac65ece9db5e44,doc_d007d3b600f06ceb448d6a05,GitHub Copilot,github_release,NEEDS_REVIEW,"[""NO_DIMENSION_LABEL"", ""CONTENT_TOO_SHORT"", ""SENSITIVE_PHONE""]",data/raw/github_copilot/github_release/20260717T031124Z_6bad9f7c/6b9800e0c8b51040d9d2b932.json,https://github.com/microsoft/vscode-copilot-chat/releases/tag/v0.35.2025120803,codex-ai-precheck,2026-07-17T03:41:27.953526Z
ver_ff0f0ab971cd05608cb889fe,doc_d03385f889927aa8644aba44,GitHub Copilot,github_release,NEEDS_REVIEW,"[""SENSITIVE_PHONE""]",data/raw/github_copilot/github_release/20260717T031124Z_6bad9f7c/aeab4667182214ae21f98b54.json,https://github.com/microsoft/vscode-copilot-chat/releases/tag/v0.38.2026021603,codex-ai-precheck,2026-07-17T03:41:27.953526Z
ver_304194ab2dc06cc797ee3dc1,doc_d0deef03fb36f27c925f7a2a,GitHub Copilot,github_release,NEEDS_REVIEW,"[""NO_DIMENSION_LABEL"", ""CONTENT_TOO_SHORT"", ""SENSITIVE_PHONE""]",data/raw/github_copilot/github_release/20260717T031124Z_6bad9f7c/328ba862313189c865aa3a32.json,https://github.com/microsoft/vscode-copilot-chat/releases/tag/v0.31.2025090802,codex-ai-precheck,2026-07-17T03:41:27.953526Z
ver_f8d19e14758dc46b3a36a2b0,doc_d1cf692c573d5f591fd4be38,GitHub Copilot,github_release,NEEDS_REVIEW,"[""SENSITIVE_PHONE""]",data/raw/github_copilot/github_release/20260717T031124Z_6bad9f7c/0a0d9ae0429a9ac6a1c43f76.json,https://github.com/microsoft/vscode-copilot-chat/releases/tag/v0.43.2026040601,codex-ai-precheck,2026-07-17T03:41:27.953526Z
ver_441d768625d1e136cf9693be,doc_d2356c35692b39beca157224,GitHub Copilot,github_release,NEEDS_REVIEW,"[""NO_DIMENSION_LABEL"", ""CONTENT_TOO_SHORT"", ""SENSITIVE_PHONE""]",data/raw/github_copilot/github_release/20260717T031124Z_6bad9f7c/7c8842e5d87eabb4aea15504.json,https://github.com/microsoft/vscode-copilot-chat/releases/tag/v0.31.2025081204,codex-ai-precheck,2026-07-17T03:41:27.953526Z
ver_f1a48f9521845ccb29a18b3d,doc_d254f84d5dd633e04bdd29c5,GitHub Copilot,github_release,NEEDS_REVIEW,"[""SENSITIVE_PHONE""]",data/raw/github_copilot/github_release/20260717T031124Z_6bad9f7c/25e50f3f12b757d76157e750.json,https://github.com/microsoft/vscode-copilot-chat/releases/tag/v0.38.2026020908,codex-ai-precheck,2026-07-17T03:41:27.953526Z
ver_3d9f0a9854d7dc471b50e606,doc_d3ab8ed3032dbba59a5c424b,GitHub Copilot,github_release,NEEDS_REVIEW,"[""SENSITIVE_PHONE""]",data/raw/github_copilot/github_release/20260717T031124Z_6bad9f7c/574406427c8f086cd1f63bef.json,https://github.com/microsoft/vscode-copilot-chat/releases/tag/v0.37.2026011302,codex-ai-precheck,2026-07-17T03:41:27.953526Z
ver_c221267a9d82149660b9f000,doc_d4e4ad24540e5b8bdf81d119,GitHub Copilot,github_release,NEEDS_REVIEW,"[""NO_DIMENSION_LABEL"", ""CONTENT_TOO_SHORT"", ""SENSITIVE_PHONE""]",data/raw/github_copilot/github_release/20260717T031124Z_6bad9f7c/6e49b3765f91f85244be4788.json,https://github.com/microsoft/vscode-copilot-chat/releases/tag/v0.33.2025111002,codex-ai-precheck,2026-07-17T03:41:27.953526Z
ver_69a52a7fddc8732794f9de98,doc_d5bad590d2de46de5bc83761,GitHub Copilot,github_release,NEEDS_REVIEW,"[""NO_DIMENSION_LABEL"", ""CONTENT_TOO_SHORT"", ""SENSITIVE_PHONE""]",data/raw/github_copilot/github_release/20260717T031124Z_6bad9f7c/a057ca6bfa1ff292ae38d9da.json,https://github.com/microsoft/vscode-copilot-chat/releases/tag/v0.43.2026040101,codex-ai-precheck,2026-07-17T03:41:27.953526Z
ver_df0cb580ff0cd999b9387ee6,doc_d5cfc71ebea75ff54c685418,GitHub Copilot,github_release,NEEDS_REVIEW,"[""NO_DIMENSION_LABEL"", ""CONTENT_TOO_SHORT"", ""SENSITIVE_PHONE""]",data/raw/github_copilot/github_release/20260717T031124Z_6bad9f7c/8f5c8b8384679b2a76d0549a.json,https://github.com/microsoft/vscode-copilot-chat/releases/tag/v0.32.2025100101,codex-ai-precheck,2026-07-17T03:41:27.953526Z
ver_7fe1d19fa3852b2970853673,doc_d66e22f9bdf43ce27d5bb8e5,GitHub Copilot,github_release,NEEDS_REVIEW,"[""NO_DIMENSION_LABEL"", ""CONTENT_TOO_SHORT"", ""SENSITIVE_PHONE""]",data/raw/github_copilot/github_release/20260717T031124Z_6bad9f7c/bda8afb54518573cbccaffaf.json,https://github.com/microsoft/vscode-copilot-chat/releases/tag/v0.42.2026032601,codex-ai-precheck,2026-07-17T03:41:27.953526Z
ver_e5c30fabc5651ad67a034e77,doc_d7222075d96caa1c26edb907,GitHub Copilot,github_release,NEEDS_REVIEW,"[""SENSITIVE_PHONE""]",data/raw/github_copilot/github_release/20260717T031124Z_6bad9f7c/4dbd22b7656323ee9e904a98.json,https://github.com/microsoft/vscode-copilot-chat/releases/tag/v0.40.2026031004,codex-ai-precheck,2026-07-17T03:41:27.953526Z
ver_f68b816035dcad4e6d119800,doc_d7fcc21d6aadb6dd614011b2,GitHub Copilot,github_release,NEEDS_REVIEW,"[""SENSITIVE_PHONE""]",data/raw/github_copilot/github_release/20260717T031124Z_6bad9f7c/dcdc37676f448e0933d53d74.json,https://github.com/microsoft/vscode-copilot-chat/releases/tag/v0.30.2025073102,codex-ai-precheck,2026-07-17T03:41:27.953526Z
ver_8baba7149c1819af60f1c85a,doc_d88b3ba35490b7718eb9a2b6,GitHub Copilot,github_release,NEEDS_REVIEW,"[""SENSITIVE_PHONE""]",data/raw/github_copilot/github_release/20260717T031124Z_6bad9f7c/8ed570defd097ef2b300ef57.json,https://github.com/microsoft/vscode-copilot-chat/releases/tag/v0.39.2026030501,codex-ai-precheck,2026-07-17T03:41:27.953526Z
ver_902350cc91f009c8012a3768,doc_da7929c1ee6690f40ede6187,GitHub Copilot,github_release,NEEDS_REVIEW,"[""SENSITIVE_PHONE""]",data/raw/github_copilot/github_release/20260717T031124Z_6bad9f7c/afec0f4a7951f1994f337e39.json,https://github.com/microsoft/vscode-copilot-chat/releases/tag/v0.31.2025082102,codex-ai-precheck,2026-07-17T03:41:27.953526Z
ver_f088ffd567beccd89e38a27a,doc_db1dd0e379acb9273765dfe4,GitHub Copilot,github_release,NEEDS_REVIEW,"[""NO_DIMENSION_LABEL"", ""CONTENT_TOO_SHORT"", ""SENSITIVE_PHONE""]",data/raw/github_copilot/github_release/20260717T031124Z_6bad9f7c/578b7aece6aaf150391ac6fe.json,https://github.com/microsoft/vscode-copilot-chat/releases/tag/v0.34.2025120101,codex-ai-precheck,2026-07-17T03:41:27.953526Z
ver_dc7f603ab69d153350964226,doc_dbaa9ed60483855daa46816e,GitHub Copilot,github_release,NEEDS_REVIEW,"[""NO_DIMENSION_LABEL"", ""CONTENT_TOO_SHORT"", ""SENSITIVE_PHONE""]",data/raw/github_copilot/github_release/20260717T031124Z_6bad9f7c/d158aaa1eb199f7f4c55c966.json,https://github.com/microsoft/vscode-copilot-chat/releases/tag/v0.38.2026030305,codex-ai-precheck,2026-07-17T03:41:27.953526Z
ver_282cd78340f6675035830282,doc_dc6ba3a35403f766d2f65c52,GitHub Copilot,github_release,NEEDS_REVIEW,"[""SENSITIVE_PHONE""]",data/raw/github_copilot/github_release/20260717T031124Z_6bad9f7c/b79559ce7b54c7a19cb6cec6.json,https://github.com/microsoft/vscode-copilot-chat/releases/tag/v0.41.2026031804,codex-ai-precheck,2026-07-17T03:41:27.953526Z
ver_8b40ad2af88283e1f6ca1f8a,doc_dc8c2ab0104fd1c978fb9794,GitHub Copilot,github_release,NEEDS_REVIEW,"[""SENSITIVE_PHONE""]",data/raw/github_copilot/github_release/20260717T031124Z_6bad9f7c/3d689c694e8997f70b27cbb4.json,https://github.com/microsoft/vscode-copilot-chat/releases/tag/v0.36.2025121203,codex-ai-precheck,2026-07-17T03:41:27.953526Z
ver_8a07e7fceae639083ff054cd,doc_dcf2148c3073a4acf1599e26,GitHub Copilot,github_release,NEEDS_REVIEW,"[""SENSITIVE_PHONE""]",data/raw/github_copilot/github_release/20260717T031124Z_6bad9f7c/3b816f651aa6b740f77f783c.json,https://github.com/microsoft/vscode-copilot-chat/releases/tag/v0.35.2025120901,codex-ai-precheck,2026-07-17T03:41:27.953526Z
ver_c3c37dc7e8d5a8d3065a1430,doc_dd4199dbae72771c85c91b77,GitHub Copilot,github_release,NEEDS_REVIEW,"[""NO_DIMENSION_LABEL"", ""CONTENT_TOO_SHORT"", ""SENSITIVE_PHONE""]",data/raw/github_copilot/github_release/20260717T031124Z_6bad9f7c/342f02545f4370b0718050b6.json,https://github.com/microsoft/vscode-copilot-chat/releases/tag/v0.35.2025120802,codex-ai-precheck,2026-07-17T03:41:27.953526Z
ver_37a155fff99e8897ca93f842,doc_dd9eab67afff6b248ca918bd,GitHub Copilot,github_release,NEEDS_REVIEW,"[""NO_DIMENSION_LABEL"", ""SENSITIVE_PHONE""]",data/raw/github_copilot/github_release/20260717T031124Z_6bad9f7c/af52c5612ba6deceda436068.json,https://github.com/microsoft/vscode-copilot-chat/releases/tag/v0.43.2026040705,codex-ai-precheck,2026-07-17T03:41:27.953526Z
ver_9b1b04970c9180439030895b,doc_de816161695881c29b397d43,GitHub Copilot,github_release,NEEDS_REVIEW,"[""SENSITIVE_PHONE""]",data/raw/github_copilot/github_release/20260717T031124Z_6bad9f7c/a59e89cb4a1b761a5e65ccdb.json,https://github.com/microsoft/vscode-copilot-chat/releases/tag/v0.37.2026012701,codex-ai-precheck,2026-07-17T03:41:27.953526Z
ver_ad6a9a5d4b06b5320d234f52,doc_ded2ff70b353a9b360b32074,GitHub Copilot,github_release,NEEDS_REVIEW,"[""NO_DIMENSION_LABEL"", ""SENSITIVE_PHONE""]",data/raw/github_copilot/github_release/20260717T031124Z_6bad9f7c/98e6a90ec83c2ad473f6f93c.json,https://github.com/microsoft/vscode-copilot-chat/releases/tag/v0.36.2025121103,codex-ai-precheck,2026-07-17T03:41:27.953526Z
ver_708b513367e1a6c5ea3fbf37,doc_df062f6bccef87ddc05e10cf,GitHub Copilot,github_release,NEEDS_REVIEW,"[""NO_DIMENSION_LABEL"", ""SENSITIVE_PHONE""]",data/raw/github_copilot/github_release/20260717T031124Z_6bad9f7c/9cc05739f64438df7906b8b2.json,https://github.com/microsoft/vscode-copilot-chat/releases/tag/v0.39.2026030903,codex-ai-precheck,2026-07-17T03:41:27.953526Z
ver_fb0a2a885b5b957f2650be18,doc_dff4ba3eac3dcb32d60321a1,GitHub Copilot,github_release,NEEDS_REVIEW,"[""SENSITIVE_PHONE""]",data/raw/github_copilot/github_release/20260717T031124Z_6bad9f7c/9df8d5e21c654cc20e95d9bd.json,https://github.com/microsoft/vscode-copilot-chat/releases/tag/v0.37.2026012805,codex-ai-precheck,2026-07-17T03:41:27.953526Z
ver_1e290d2e89ee3b5dae5b631b,doc_e0e964973dbbe00c73aa21ed,GitHub Copilot,github_release,NEEDS_REVIEW,"[""NO_DIMENSION_LABEL"", ""SENSITIVE_PHONE""]",data/raw/github_copilot/github_release/20260717T031124Z_6bad9f7c/37dcd727df7256474059cc88.json,https://github.com/microsoft/vscode-copilot-chat/releases/tag/v0.31.2025091002,codex-ai-precheck,2026-07-17T03:41:27.953526Z
ver_eb3184f9e7c680fa6c92cda6,doc_e1165965bbf8cf68b83f3467,GitHub Copilot,github_release,NEEDS_REVIEW,"[""NO_DIMENSION_LABEL"", ""CONTENT_TOO_SHORT"", ""SENSITIVE_PHONE""]",data/raw/github_copilot/github_release/20260717T031124Z_6bad9f7c/8bf278fcb45676a79ce9ac59.json,https://github.com/microsoft/vscode-copilot-chat/releases/tag/v0.36.2025121004,codex-ai-precheck,2026-07-17T03:41:27.953526Z
ver_98747df035aa502db69281c8,doc_e1534659c4d21ed6cee93f20,GitHub Copilot,github_release,NEEDS_REVIEW,"[""SENSITIVE_PHONE""]",data/raw/github_copilot/github_release/20260717T031124Z_6bad9f7c/ad399ceab67347804d1654f2.json,https://github.com/microsoft/vscode-copilot-chat/releases/tag/v0.30.2025072401,codex-ai-precheck,2026-07-17T03:41:27.953526Z
ver_08adff7d34da923223064bf1,doc_e2d85d58b2aa1e170ec31fbc,GitHub Copilot,github_release,NEEDS_REVIEW,"[""SENSITIVE_PHONE""]",data/raw/github_copilot/github_release/20260717T031124Z_6bad9f7c/076c4113499fc07ac0507b85.json,https://github.com/microsoft/vscode-copilot-chat/releases/tag/v0.38.2026022002,codex-ai-precheck,2026-07-17T03:41:27.953526Z
ver_6a11e7e17ea0bba7beb0cb43,doc_e4ff2a8211c5506037923ea6,GitHub Copilot,github_release,NEEDS_REVIEW,"[""NO_DIMENSION_LABEL"", ""CONTENT_TOO_SHORT""]",data/raw/github_copilot/github_release/20260717T031124Z_6bad9f7c/36204dc19407338a723212fc.json,https://github.com/microsoft/vscode-copilot-chat/releases/tag/v0.31.0,codex-ai-precheck,2026-07-17T03:41:27.953526Z
ver_f8f9b9d3c42c0289fcef0f56,doc_e58d5553e3094518f8eaa472,GitHub Copilot,github_release,NEEDS_REVIEW,"[""NO_DIMENSION_LABEL"", ""SENSITIVE_PHONE""]",data/raw/github_copilot/github_release/20260717T031124Z_6bad9f7c/730a50a28d837360325af499.json,https://github.com/microsoft/vscode-copilot-chat/releases/tag/v0.39.2026030602,codex-ai-precheck,2026-07-17T03:41:27.953526Z
ver_0d3d8d36b0d49cb565d926e6,doc_e58fe11c3d32e0f136ec88de,GitHub Copilot,github_release,NEEDS_REVIEW,"[""SENSITIVE_PHONE""]",data/raw/github_copilot/github_release/20260717T031124Z_6bad9f7c/a247399b2eba9c385a56765d.json,https://github.com/microsoft/vscode-copilot-chat/releases/tag/v0.41.2026032002,codex-ai-precheck,2026-07-17T03:41:27.953526Z
ver_e00aea0d3f44c7d6fa5b4492,doc_e5a9d00880d10f268f882863,GitHub Copilot,github_release,NEEDS_REVIEW,"[""SENSITIVE_PHONE""]",data/raw/github_copilot/github_release/20260717T031124Z_6bad9f7c/a8ae2293eb33b756a5f11d14.json,https://github.com/microsoft/vscode-copilot-chat/releases/tag/v0.31.2025082502,codex-ai-precheck,2026-07-17T03:41:27.953526Z
ver_fcf51fdd1d27282e2b1cb08b,doc_e6078e923f116b31900415f0,GitHub Copilot,github_release,NEEDS_REVIEW,"[""NO_DIMENSION_LABEL"", ""CONTENT_TOO_SHORT"", ""SENSITIVE_PHONE""]",data/raw/github_copilot/github_release/20260717T031124Z_6bad9f7c/870253f1bd65cd9a22b00b7b.json,https://github.com/microsoft/vscode-copilot-chat/releases/tag/v0.34.2025111202,codex-ai-precheck,2026-07-17T03:41:27.953526Z
ver_758ba834b541b3d4426e497d,doc_e6a438813af540adbb7eafc9,GitHub Copilot,github_release,NEEDS_REVIEW,"[""SENSITIVE_PHONE""]",data/raw/github_copilot/github_release/20260717T031124Z_6bad9f7c/66148550d55cbb232404c6a6.json,https://github.com/microsoft/vscode-copilot-chat/releases/tag/v0.33.2025101401,codex-ai-precheck,2026-07-17T03:41:27.953526Z
ver_96952114f6ef7de6805d3043,doc_e71b7bf46c68185a80348811,GitHub Copilot,github_release,NEEDS_REVIEW,"[""SENSITIVE_PHONE""]",data/raw/github_copilot/github_release/20260717T031124Z_6bad9f7c/2c0d0b27848116c22e446c3d.json,https://github.com/microsoft/vscode-copilot-chat/releases/tag/v0.32.2025091901,codex-ai-precheck,2026-07-17T03:41:27.953526Z
ver_e1a42b5e7b62dfb7f3f612aa,doc_e784666dccd2442c7ba4602c,GitHub Copilot,github_release,NEEDS_REVIEW,"[""NO_DIMENSION_LABEL"", ""CONTENT_TOO_SHORT"", ""SENSITIVE_PHONE""]",data/raw/github_copilot/github_release/20260717T031124Z_6bad9f7c/2dfa81580ac0a611b03101bc.json,https://github.com/microsoft/vscode-copilot-chat/releases/tag/v0.32.2025091202,codex-ai-precheck,2026-07-17T03:41:27.953526Z
ver_fb39cf162b7aae3f86b019cf,doc_e7e90c30b05277fc72a69df1,GitHub Copilot,github_release,NEEDS_REVIEW,"[""NO_DIMENSION_LABEL"", ""SENSITIVE_PHONE""]",data/raw/github_copilot/github_release/20260717T031124Z_6bad9f7c/b80c299e4006323492099909.json,https://github.com/microsoft/vscode-copilot-chat/releases/tag/v0.40.2026031202,codex-ai-precheck,2026-07-17T03:41:27.953526Z
ver_cba0456cca4c3e24d29ff137,doc_e81dd0aeac83d678e6853bb6,GitHub Copilot,github_release,NEEDS_REVIEW,"[""SENSITIVE_PHONE""]",data/raw/github_copilot/github_release/20260717T031124Z_6bad9f7c/a3a75d1428a4bdc3739bfe4f.json,https://github.com/microsoft/vscode-copilot-chat/releases/tag/v0.37.2026011409,codex-ai-precheck,2026-07-17T03:41:27.953526Z
ver_3f0d6a2a25ea4a969403f260,doc_e82a002604f1aee7aea495b7,GitHub Copilot,github_release,NEEDS_REVIEW,"[""SENSITIVE_PHONE""]",data/raw/github_copilot/github_release/20260717T031124Z_6bad9f7c/e301efa8e4383e50e5e6f910.json,https://github.com/microsoft/vscode-copilot-chat/releases/tag/v0.33.2025102103,codex-ai-precheck,2026-07-17T03:41:27.953526Z
ver_e0e7c7b7f3b9645216e6c355,doc_e87942bfbd50c204af8b154b,GitHub Copilot,github_release,NEEDS_REVIEW,"[""NO_DIMENSION_LABEL"", ""SENSITIVE_PHONE""]",data/raw/github_copilot/github_release/20260717T031124Z_6bad9f7c/c81f23afd5cfb0b997804b0a.json,https://github.com/microsoft/vscode-copilot-chat/releases/tag/v0.33.2025102205,codex-ai-precheck,2026-07-17T03:41:27.953526Z
ver_4d81ca08fa61bbc785162392,doc_e8ecc95e8d3bcad51dd7cc2c,GitHub Copilot,github_release,NEEDS_REVIEW,"[""SENSITIVE_PHONE""]",data/raw/github_copilot/github_release/20260717T031124Z_6bad9f7c/4a0093f2aff0cd90f0ef0275.json,https://github.com/microsoft/vscode-copilot-chat/releases/tag/v0.39.2026030404,codex-ai-precheck,2026-07-17T03:41:27.953526Z
ver_dd66792bd0c6f0543ec955ed,doc_e9115fa3431f32cb423345d4,GitHub Copilot,github_release,NEEDS_REVIEW,"[""NO_DIMENSION_LABEL"", ""CONTENT_TOO_SHORT"", ""SENSITIVE_PHONE""]",data/raw/github_copilot/github_release/20260717T031124Z_6bad9f7c/9be318767c16e9d9a409089d.json,https://github.com/microsoft/vscode-copilot-chat/releases/tag/v0.30.2025080503,codex-ai-precheck,2026-07-17T03:41:27.953526Z
ver_1c0b6276bcdb0c5a46bb8460,doc_eb2ca7b012712ec346bdfa17,GitHub Copilot,github_release,NEEDS_REVIEW,"[""SENSITIVE_PHONE""]",data/raw/github_copilot/github_release/20260717T031124Z_6bad9f7c/71183887770d5c181539a9a6.json,https://github.com/microsoft/vscode-copilot-chat/releases/tag/v0.37.2026020404,codex-ai-precheck,2026-07-17T03:41:27.953526Z
ver_d58932e5a2315db7ed67c134,doc_eb7c0f2f2ab4b76798197edc,GitHub Copilot,github_release,NEEDS_REVIEW,"[""SENSITIVE_PHONE""]",data/raw/github_copilot/github_release/20260717T031124Z_6bad9f7c/0287cf874367182289b8da65.json,https://github.com/microsoft/vscode-copilot-chat/releases/tag/v0.31.2025081301,codex-ai-precheck,2026-07-17T03:41:27.953526Z
ver_94735156de2718be55490015,doc_ed249c30f0a17e66265489f4,GitHub Copilot,github_release,NEEDS_REVIEW,"[""NO_DIMENSION_LABEL"", ""CONTENT_TOO_SHORT"", ""SENSITIVE_PHONE""]",data/raw/github_copilot/github_release/20260717T031124Z_6bad9f7c/ca45291234e12be30cb1e896.json,https://github.com/microsoft/vscode-copilot-chat/releases/tag/v0.31.2025080704,codex-ai-precheck,2026-07-17T03:41:27.953526Z
ver_2c2dc6535fc75ba896dd33b1,doc_ed506bb47f2e727409fd4f5c,GitHub Copilot,github_release,NEEDS_REVIEW,"[""NO_DIMENSION_LABEL"", ""CONTENT_TOO_SHORT"", ""SENSITIVE_PHONE""]",data/raw/github_copilot/github_release/20260717T031124Z_6bad9f7c/7d5c828f4d2155106c3b484e.json,https://github.com/microsoft/vscode-copilot-chat/releases/tag/v0.33.2025111003,codex-ai-precheck,2026-07-17T03:41:27.953526Z
ver_45992a9eff2a5fb63ec0a571,doc_ee9ba64546e741436061dcbe,GitHub Copilot,github_release,NEEDS_REVIEW,"[""NO_DIMENSION_LABEL"", ""CONTENT_TOO_SHORT"", ""SENSITIVE_PHONE""]",data/raw/github_copilot/github_release/20260713T162601Z_fda2c425/b67ec806b438783e45e4aebf.json,https://github.com/microsoft/vscode-copilot-chat/releases/tag/v0.30.2025071501,codex-ai-precheck,2026-07-17T03:41:27.953526Z
ver_fd315c1fb0ddc5545d39d742,doc_eef48bfd026317ae8a6ec965,GitHub Copilot,github_release,NEEDS_REVIEW,"[""NO_DIMENSION_LABEL""]",data/raw/github_copilot/github_release/20260717T031124Z_6bad9f7c/81b98bbe289b8f5c9f0f8739.json,https://github.com/microsoft/vscode-copilot-chat/releases/tag/v0.42.1,codex-ai-precheck,2026-07-17T03:41:27.953526Z
ver_868d51dd70d3e24d9353dd69,doc_f0ee2b232551d64b461eeee9,GitHub Copilot,github_release,NEEDS_REVIEW,"[""SENSITIVE_PHONE""]",data/raw/github_copilot/github_release/20260717T031124Z_6bad9f7c/fef88e92fb6304bbfeae458f.json,https://github.com/microsoft/vscode-copilot-chat/releases/tag/v0.32.2025092509,codex-ai-precheck,2026-07-17T03:41:27.953526Z
ver_3e6e0fa6364144fd619e7e6b,doc_f18fc43fc08abe1604248f96,GitHub Copilot,github_release,NEEDS_REVIEW,"[""SENSITIVE_PHONE""]",data/raw/github_copilot/github_release/20260717T031124Z_6bad9f7c/b104bc173db4e049a3fa7936.json,https://github.com/microsoft/vscode-copilot-chat/releases/tag/v0.38.2026022703,codex-ai-precheck,2026-07-17T03:41:27.953526Z
ver_6adcd99105d09e1e48b75588,doc_f1ab7ce216e9ad7aba7f89d1,GitHub Copilot,github_release,NEEDS_REVIEW,"[""SENSITIVE_PHONE""]",data/raw/github_copilot/github_release/20260717T031124Z_6bad9f7c/75bb025ef28b47216d61b869.json,https://github.com/microsoft/vscode-copilot-chat/releases/tag/v0.31.2025090201,codex-ai-precheck,2026-07-17T03:41:27.953526Z
ver_17eb77760751971baced1684,doc_f220cabc9fd2f3ea011e3a08,GitHub Copilot,github_release,NEEDS_REVIEW,"[""SENSITIVE_PHONE""]",data/raw/github_copilot/github_release/20260717T031124Z_6bad9f7c/ae66064db3d9f4abf1d009f6.json,https://github.com/microsoft/vscode-copilot-chat/releases/tag/v0.31.2025081401,codex-ai-precheck,2026-07-17T03:41:27.953526Z
ver_821fccaa24f7ace80de08f47,doc_f259ea9475f9791b9d08ca2f,GitHub Copilot,github_release,NEEDS_REVIEW,"[""NO_DIMENSION_LABEL"", ""CONTENT_TOO_SHORT"", ""SENSITIVE_PHONE""]",data/raw/github_copilot/github_release/20260717T031124Z_6bad9f7c/fca04556efa8561c1f37e3b5.json,https://github.com/microsoft/vscode-copilot-chat/releases/tag/v0.42.2026032703,codex-ai-precheck,2026-07-17T03:41:27.953526Z
ver_66242b4c6efa3c124d3fde8d,doc_f27b28618b56b9779d0b0851,GitHub Copilot,github_release,NEEDS_REVIEW,"[""SENSITIVE_PHONE""]",data/raw/github_copilot/github_release/20260717T031124Z_6bad9f7c/f9b2cfd5510f9f3ecbb88438.json,https://github.com/microsoft/vscode-copilot-chat/releases/tag/v0.34.2025120301,codex-ai-precheck,2026-07-17T03:41:27.953526Z
ver_a5368d67d4924e476833873c,doc_f2d4948ba8f92e9974a337b8,GitHub Copilot,github_release,NEEDS_REVIEW,"[""SENSITIVE_PHONE""]",data/raw/github_copilot/github_release/20260713T162601Z_fda2c425/852c706afa9b17d757f37da8.json,https://github.com/microsoft/vscode-copilot-chat/releases/tag/v0.30.2025071502,codex-ai-precheck,2026-07-17T03:41:27.953526Z
ver_86abf6d144669d947b8b4e86,doc_f2dbc9158cb7fe68c088f120,GitHub Copilot,github_release,NEEDS_REVIEW,"[""SENSITIVE_PHONE""]",data/raw/github_copilot/github_release/20260717T031124Z_6bad9f7c/deebebe3f6a1237c4625e407.json,https://github.com/microsoft/vscode-copilot-chat/releases/tag/v0.33.2025102701,codex-ai-precheck,2026-07-17T03:41:27.953526Z
ver_f7f977670bf16307ed0e4543,doc_f2e8c36fc3ccae15cbd96946,GitHub Copilot,github_release,NEEDS_REVIEW,"[""SENSITIVE_PHONE""]",data/raw/github_copilot/github_release/20260717T031124Z_6bad9f7c/0c767593389d566ec4a04b34.json,https://github.com/microsoft/vscode-copilot-chat/releases/tag/v0.38.2026020602,codex-ai-precheck,2026-07-17T03:41:27.953526Z
ver_986f5804fe673147ba8af2ff,doc_f312f360d15e85552d66877c,GitHub Copilot,github_release,NEEDS_REVIEW,"[""SENSITIVE_PHONE""]",data/raw/github_copilot/github_release/20260717T031124Z_6bad9f7c/087ba815764a14478e3f43b5.json,https://github.com/microsoft/vscode-copilot-chat/releases/tag/v0.33.2025102301,codex-ai-precheck,2026-07-17T03:41:27.953526Z
ver_bf8190e2d6689c95cfbf25ac,doc_f445b46c9a97c5f80acedb69,GitHub Copilot,github_release,NEEDS_REVIEW,"[""NO_DIMENSION_LABEL""]",data/raw/github_copilot/github_release/20260717T031124Z_6bad9f7c/7333092189ec33a4def756f4.json,https://github.com/microsoft/vscode-copilot-chat/releases/tag/v0.39.1,codex-ai-precheck,2026-07-17T03:41:27.953526Z
ver_b7e3f5857a0b57b1e6027c3f,doc_f6aef0297cf292243e4867c0,GitHub Copilot,github_release,NEEDS_REVIEW,"[""NO_DIMENSION_LABEL"", ""CONTENT_TOO_SHORT"", ""SENSITIVE_PHONE""]",data/raw/github_copilot/github_release/20260717T031124Z_6bad9f7c/8bfea8d356534b56434f4952.json,https://github.com/microsoft/vscode-copilot-chat/releases/tag/v0.30.2025080201,codex-ai-precheck,2026-07-17T03:41:27.953526Z
ver_5c75e7cb0f53b781e48abbe7,doc_f6b28a0987afcb94bede9c38,GitHub Copilot,github_release,NEEDS_REVIEW,"[""SENSITIVE_PHONE""]",data/raw/github_copilot/github_release/20260717T031124Z_6bad9f7c/b42399ad53a894707b6b9fec.json,https://github.com/microsoft/vscode-copilot-chat/releases/tag/v0.43.2026040304,codex-ai-precheck,2026-07-17T03:41:27.953526Z
ver_8b045367a01d38ade1ad4f8f,doc_f6c0a1c8fc17333519c9ee27,GitHub Copilot,github_release,NEEDS_REVIEW,"[""SENSITIVE_PHONE""]",data/raw/github_copilot/github_release/20260717T031124Z_6bad9f7c/6ce102ab08739162babcf1b5.json,https://github.com/microsoft/vscode-copilot-chat/releases/tag/v0.34.2025112502,codex-ai-precheck,2026-07-17T03:41:27.953526Z
ver_2e93d9e3cb29be4c7e9d421f,doc_f9e6d298ad65522ad7b23cc5,GitHub Copilot,github_release,NEEDS_REVIEW,"[""SENSITIVE_PHONE""]",data/raw/github_copilot/github_release/20260717T031124Z_6bad9f7c/2210c049ad1ce2e47da700e3.json,https://github.com/microsoft/vscode-copilot-chat/releases/tag/v0.37.2026011602,codex-ai-precheck,2026-07-17T03:41:27.953526Z
ver_61eb587b11414c0e13cb3abd,doc_fa35a296d0f93b46e2701eb0,GitHub Copilot,github_release,NEEDS_REVIEW,"[""SENSITIVE_PHONE""]",data/raw/github_copilot/github_release/20260717T031124Z_6bad9f7c/3933f4c3a0887baacedccbab.json,https://github.com/microsoft/vscode-copilot-chat/releases/tag/v0.38.2026022602,codex-ai-precheck,2026-07-17T03:41:27.953526Z
ver_a9569e0c4189c682dd656fb4,doc_fb064bcf93c8aab7b5f7d314,GitHub Copilot,github_release,NEEDS_REVIEW,"[""NO_DIMENSION_LABEL"", ""CONTENT_TOO_SHORT""]",data/raw/github_copilot/github_release/20260717T031124Z_6bad9f7c/0696760820810aba859677bd.json,https://github.com/microsoft/vscode-copilot-chat/releases/tag/v0.42.0,codex-ai-precheck,2026-07-17T03:41:27.953526Z
ver_e4fb945967d871605335351c,doc_fb48ad9b21e7358fca58808b,GitHub Copilot,github_release,NEEDS_REVIEW,"[""SENSITIVE_PHONE""]",data/raw/github_copilot/github_release/20260717T031124Z_6bad9f7c/4d0fc4a410e7f3502550f34a.json,https://github.com/microsoft/vscode-copilot-chat/releases/tag/v0.43.2026040301,codex-ai-precheck,2026-07-17T03:41:27.953526Z
ver_7130a853c2329e686167c30c,doc_fd92e3852571ccfe6f0450d2,GitHub Copilot,github_release,NEEDS_REVIEW,"[""SENSITIVE_PHONE""]",data/raw/github_copilot/github_release/20260717T031124Z_6bad9f7c/47f715f00aaca8e8e25e8718.json,https://github.com/microsoft/vscode-copilot-chat/releases/tag/v0.37.2026012202,codex-ai-precheck,2026-07-17T03:41:27.953526Z
ver_c3f34da210884f91ce2ec3e9,doc_fd9638c565419ab9fb84409c,GitHub Copilot,github_release,NEEDS_REVIEW,"[""NO_DIMENSION_LABEL"", ""CONTENT_TOO_SHORT"", ""SENSITIVE_PHONE""]",data/raw/github_copilot/github_release/20260717T031124Z_6bad9f7c/4b8a994869c7dfb10645b394.json,https://github.com/microsoft/vscode-copilot-chat/releases/tag/v0.36.2025121501,codex-ai-precheck,2026-07-17T03:41:27.953526Z
ver_2489b132452b8768b4cd782b,doc_fe19d8e42755f986fa34f113,GitHub Copilot,github_release,NEEDS_REVIEW,"[""NO_DIMENSION_LABEL"", ""CONTENT_TOO_SHORT"", ""SENSITIVE_PHONE""]",data/raw/github_copilot/github_release/20260717T031124Z_6bad9f7c/ad6ee5eba20a23a1b6c2062f.json,https://github.com/microsoft/vscode-copilot-chat/releases/tag/v0.30.2025080703,codex-ai-precheck,2026-07-17T03:41:27.953526Z
ver_47692d9f3515e1b2a79d5da2,doc_fe27c1c38b8182ee6b6741e9,GitHub Copilot,github_release,NEEDS_REVIEW,"[""NO_DIMENSION_LABEL"", ""SENSITIVE_PHONE""]",data/raw/github_copilot/github_release/20260717T031124Z_6bad9f7c/f0b04f80382f80c40ff69bd2.json,https://github.com/microsoft/vscode-copilot-chat/releases/tag/v0.42.2026033103,codex-ai-precheck,2026-07-17T03:41:27.953526Z
ver_6e6773a1cef36188670ec129,doc_fe9b30b60bae4ed3c1d59040,GitHub Copilot,github_release,NEEDS_REVIEW,"[""SENSITIVE_PHONE""]",data/raw/github_copilot/github_release/20260717T031124Z_6bad9f7c/cc20d6b53a34c8ece93df29a.json,https://github.com/microsoft/vscode-copilot-chat/releases/tag/v0.43.2026040701,codex-ai-precheck,2026-07-17T03:41:27.953526Z
ver_3e1a76364a53bbad9f680d5a,doc_ffac76852d038ff502d4af75,GitHub Copilot,github_release,NEEDS_REVIEW,"[""NO_DIMENSION_LABEL"", ""CONTENT_TOO_SHORT"", ""SENSITIVE_PHONE""]",data/raw/github_copilot/github_release/20260717T031124Z_6bad9f7c/53c9e6f46a5c8504c8b90d1a.json,https://github.com/microsoft/vscode-copilot-chat/releases/tag/v0.35.2025120504,codex-ai-precheck,2026-07-17T03:41:27.953526Z
ver_a5e4c6b00a2cc695e5e9e8ce,doc_ffd41cda2bca6393fdf237c9,GitHub Copilot,github_release,NEEDS_REVIEW,"[""SENSITIVE_PHONE""]",data/raw/github_copilot/github_release/20260717T031124Z_6bad9f7c/dd09bf40e0b63f1297246374.json,https://github.com/microsoft/vscode-copilot-chat/releases/tag/v0.33.2025110305,codex-ai-precheck,2026-07-17T03:41:27.953526Z
ver_bdf5a2073dbe37be861c4a9d,doc_6f2d562921e8adaece6b959c,GitHub Copilot,official_changelog,NEEDS_REVIEW,"[""SENSITIVE_PHONE""]",data/raw/github_copilot/changelog/20260717T031124Z_6bad9f7c/4638dd4aad014f3c861a2537.html,https://github.blog/changelog/2026-07-02-upcoming-deprecation-of-gemini-2-5-pro-and-gemini-3-flash,codex-ai-precheck,2026-07-17T03:41:27.953526Z
ver_cfb029c0138f98cc01321956,doc_affd7b6a2deaf980c40afa80,GitHub Copilot,official_changelog,NEEDS_REVIEW,"[""NO_DIMENSION_LABEL""]",data/raw/github_copilot/changelog/20260717T031124Z_6bad9f7c/7363f50cf4cdab00d0e2c3be.html,https://github.blog/changelog/2025-12-18-assigning-github-copilot-to-an-issue-now-adds-you-as-an-assignee,codex-ai-precheck,2026-07-17T03:41:27.953526Z
ver_2a3692a454e9215284d0d846,doc_1baa5840c6e49fc1628e6718,GitHub Copilot,official_page,NEEDS_REVIEW,"[""SENSITIVE_EMAIL""]",data/raw/github_copilot/official/20260717T031124Z_6bad9f7c/3fb7517a448f5f981221621b.html,https://github.com/features/copilot,codex-ai-precheck,2026-07-17T03:41:27.953526Z
ver_13242e3b0f2cd9cc6c90701b,doc_bbd908337adaf9b334e47cb8,GitHub Copilot,pricing,NEEDS_REVIEW,"[""NOISE_REPEATED_LINE"", ""SENSITIVE_EMAIL""]",data/raw/github_copilot/pricing/20260717T031124Z_6bad9f7c/6d58ef66a282096f0b3591c3.html,https://github.com/features/copilot/plans,codex-ai-precheck,2026-07-17T03:41:27.953526Z
ver_2c666116770f76ecdd6eb6ca,doc_06bfb0c85b30b6bc451945e1,Trae,github_issue,NEEDS_REVIEW,"[""SENSITIVE_PHONE""]",data/raw/trae/github_issue/20260717T031124Z_6bad9f7c/17eaaecbdd840a2c509b9c54.json,https://github.com/Trae-AI/TRAE/issues/2511,codex-ai-precheck,2026-07-17T03:41:27.953526Z
ver_b1c003fd4ffce496e674edf7,doc_08072907cbcedca419574292,Trae,github_issue,NEEDS_REVIEW,"[""SENSITIVE_EMAIL"", ""SENSITIVE_PHONE"", ""SENSITIVE_LONG_NUMBER""]",data/raw/trae/github_issue/20260717T031124Z_6bad9f7c/eb00d8feee2a9c7610ad118b.json,https://github.com/Trae-AI/TRAE/issues/2556,codex-ai-precheck,2026-07-17T03:41:27.953526Z
ver_50d9ecb72c46494367a175d9,doc_0808d8df8b72d5262e279502,Trae,github_issue,NEEDS_REVIEW,"[""SENSITIVE_PHONE""]",data/raw/trae/github_issue/20260717T031124Z_6bad9f7c/c4c5ab2e7fbadca8587cb79d.json,https://github.com/Trae-AI/TRAE/issues/140,codex-ai-precheck,2026-07-17T03:41:27.953526Z
ver_8707dc5aa55bfc40600bcfca,doc_0c71c303c48520b51191f60f,Trae,github_issue,NEEDS_REVIEW,"[""NO_DIMENSION_LABEL""]",data/raw/trae/github_issue/20260717T031124Z_6bad9f7c/84a74f31a8fad8aed5178dcc.json,https://github.com/Trae-AI/TRAE/issues/2553,codex-ai-precheck,2026-07-17T03:41:27.953526Z
ver_e0978d2ab642eb83e4051fd4,doc_0f290043335e51b67a808153,Trae,github_issue,NEEDS_REVIEW,"[""NO_DIMENSION_LABEL"", ""SENSITIVE_PHONE""]",data/raw/trae/github_issue/20260717T031124Z_6bad9f7c/0b4e0077f781bbc2ad63b886.json,https://github.com/Trae-AI/TRAE/issues/1390,codex-ai-precheck,2026-07-17T03:41:27.953526Z
ver_bc769a539c74de96d797bed0,doc_0fa6b5f5c45b9c6e11ade40b,Trae,github_issue,NEEDS_REVIEW,"[""SENSITIVE_EMAIL"", ""SENSITIVE_PHONE"", ""SENSITIVE_LONG_NUMBER""]",data/raw/trae/github_issue/20260717T031124Z_6bad9f7c/5fc385003da4504a2af45ed9.json,https://github.com/Trae-AI/TRAE/issues/2537,codex-ai-precheck,2026-07-17T03:41:27.953526Z
ver_dba616601997cdf5dbaa31cb,doc_112074772ddabf5eff7f4ba1,Trae,github_issue,NEEDS_REVIEW,"[""SENSITIVE_PHONE""]",data/raw/trae/github_issue/20260717T031124Z_6bad9f7c/fe2f2b4566a79ac44ffe6cc3.json,https://github.com/Trae-AI/TRAE/issues/1034,codex-ai-precheck,2026-07-17T03:41:27.953526Z
ver_a2ca8d89dd5cdee60764e689,doc_147aebcd3f690ea88bc73f7b,Trae,github_issue,NEEDS_REVIEW,"[""SENSITIVE_PHONE"", ""SENSITIVE_LONG_NUMBER""]",data/raw/trae/github_issue/20260717T031124Z_6bad9f7c/efee6bd0afe9cb74a38983df.json,https://github.com/Trae-AI/TRAE/issues/2432,codex-ai-precheck,2026-07-17T03:41:27.953526Z
ver_3e3c439494f82f27783f6778,doc_15009c524c240758e7407040,Trae,github_issue,NEEDS_REVIEW,"[""SENSITIVE_PHONE"", ""SENSITIVE_LOCAL_USER_PATH""]",data/raw/trae/github_issue/20260717T031124Z_6bad9f7c/7c0eface7cf6b176a945b30f.json,https://github.com/Trae-AI/TRAE/issues/434,codex-ai-precheck,2026-07-17T03:41:27.953526Z
ver_74f4cc7e449beee9ef491570,doc_1576cd70958a48c7c6b02e70,Trae,github_issue,NEEDS_REVIEW,"[""SENSITIVE_PHONE""]",data/raw/trae/github_issue/20260717T031124Z_6bad9f7c/0117ef9183cc4a1d0d3bcdbc.json,https://github.com/Trae-AI/TRAE/issues/2206,codex-ai-precheck,2026-07-17T03:41:27.953526Z
ver_2aad4b1d1c7302d3f4563dcf,doc_1df24ae84ec39667ab4c7f01,Trae,github_issue,NEEDS_REVIEW,"[""SENSITIVE_PHONE""]",data/raw/trae/github_issue/20260717T031124Z_6bad9f7c/ab423baebbb36e98257033ec.json,https://github.com/Trae-AI/TRAE/issues/2158,codex-ai-precheck,2026-07-17T03:41:27.953526Z
ver_3f54d71bbb7bdee957c9d1f3,doc_1f5a354bdf548668a221b5bf,Trae,github_issue,NEEDS_REVIEW,"[""NOISE_REPEATED_LINE"", ""SENSITIVE_EMAIL"", ""SENSITIVE_PHONE""]",data/raw/trae/github_issue/20260717T031124Z_6bad9f7c/4524ccf9c6737407e885c535.json,https://github.com/Trae-AI/TRAE/issues/1381,codex-ai-precheck,2026-07-17T03:41:27.953526Z
ver_0f6f3a530fcfd9e5d5b5f5c5,doc_1f719a23807ae02ca821ad1f,Trae,github_issue,NEEDS_REVIEW,"[""SENSITIVE_PHONE""]",data/raw/trae/github_issue/20260717T031124Z_6bad9f7c/065a285a23fa4a710796d4f0.json,https://github.com/Trae-AI/TRAE/issues/2514,codex-ai-precheck,2026-07-17T03:41:27.953526Z
ver_08d07c44c5178d8071d0209d,doc_21d8dc628b7f206afe3ff8f9,Trae,github_issue,NEEDS_REVIEW,"[""SENSITIVE_PHONE""]",data/raw/trae/github_issue/20260717T031124Z_6bad9f7c/4461c01f4257e379e93b001b.json,https://github.com/Trae-AI/TRAE/issues/2253,codex-ai-precheck,2026-07-17T03:41:27.953526Z
ver_ec78ce1b070b07880ff0ca1a,doc_250cdbf26dda4f09fa33a01b,Trae,github_issue,NEEDS_REVIEW,"[""SENSITIVE_PHONE""]",data/raw/trae/github_issue/20260717T031124Z_6bad9f7c/3e32f7a186f232fe0e51b309.json,https://github.com/Trae-AI/TRAE/issues/2459,codex-ai-precheck,2026-07-17T03:41:27.953526Z
ver_ab88ae9a2cfdf7c477e6bcb0,doc_28b7f32fad9b30eefccf8ad1,Trae,github_issue,NEEDS_REVIEW,"[""SENSITIVE_PHONE""]",data/raw/trae/github_issue/20260713T162601Z_fda2c425/8116cbe82e62edb9886aae4b.json,https://github.com/Trae-AI/TRAE/issues/2520,codex-ai-precheck,2026-07-17T03:41:27.953526Z
ver_9e2f99108a0ddcf8575f5999,doc_2c24a0724818038a4a5dc33a,Trae,github_issue,NEEDS_REVIEW,"[""SENSITIVE_PHONE""]",data/raw/trae/github_issue/20260717T031124Z_6bad9f7c/deda53d088423c206f4b5778.json,https://github.com/Trae-AI/TRAE/issues/1638,codex-ai-precheck,2026-07-17T03:41:27.953526Z
ver_210a12219e74920792bdddf5,doc_2c3454a1c3cb3efc3942d59d,Trae,github_issue,NEEDS_REVIEW,"[""NO_DIMENSION_LABEL"", ""SENSITIVE_PHONE""]",data/raw/trae/github_issue/20260717T031124Z_6bad9f7c/30b7c1952b9e8cebaec057d0.json,https://github.com/Trae-AI/TRAE/issues/1841,codex-ai-precheck,2026-07-17T03:41:27.953526Z
ver_2c8c29872d9d6b3f878c7fcb,doc_2e4d3a026c41e1cd0ba12bd5,Trae,github_issue,NEEDS_REVIEW,"[""SENSITIVE_EMAIL"", ""SENSITIVE_PHONE""]",data/raw/trae/github_issue/20260717T031124Z_6bad9f7c/f6b1a3b65bc7c0c7849f6f40.json,https://github.com/Trae-AI/TRAE/issues/2540,codex-ai-precheck,2026-07-17T03:41:27.953526Z
ver_16d6d19751ed5eef33d3f95d,doc_2fbd983a9eebd2fc9e77d04f,Trae,github_issue,NEEDS_REVIEW,"[""SENSITIVE_PHONE""]",data/raw/trae/github_issue/20260717T031124Z_6bad9f7c/d61074eaf1ba2a28aa1415b9.json,https://github.com/Trae-AI/TRAE/issues/2550,codex-ai-precheck,2026-07-17T03:41:27.953526Z
ver_10229782c51d9fc9172a3301,doc_317925b1c57fb561e8f44721,Trae,github_issue,NEEDS_REVIEW,"[""SENSITIVE_PHONE""]",data/raw/trae/github_issue/20260717T031124Z_6bad9f7c/eb8192cf632c0e07e3360120.json,https://github.com/Trae-AI/TRAE/issues/1942,codex-ai-precheck,2026-07-17T03:41:27.953526Z
ver_d30a8600748578ffa452e2c4,doc_31c97f7bc84568ee89815e8b,Trae,github_issue,NEEDS_REVIEW,"[""SENSITIVE_PHONE"", ""SENSITIVE_LONG_NUMBER""]",data/raw/trae/github_issue/20260717T031124Z_6bad9f7c/10fddf0c6a0cdaa4b3063a2f.json,https://github.com/Trae-AI/TRAE/issues/2315,codex-ai-precheck,2026-07-17T03:41:27.953526Z
ver_53b0f42b19a1493b5f7740e4,doc_3577f65889b6f9b392b659a3,Trae,github_issue,NEEDS_REVIEW,"[""SENSITIVE_PHONE""]",data/raw/trae/github_issue/20260717T031124Z_6bad9f7c/7862936a3f1439182baea7d2.json,https://github.com/Trae-AI/TRAE/issues/2561,codex-ai-precheck,2026-07-17T03:41:27.953526Z
ver_f2ccc0d8d7248fc25b73b3a5,doc_36098e480af8bd4ff7d1f740,Trae,github_issue,NEEDS_REVIEW,"[""SENSITIVE_PHONE""]",data/raw/trae/github_issue/20260717T031124Z_6bad9f7c/23c41a5d5a0c755c37440735.json,https://github.com/Trae-AI/TRAE/issues/1809,codex-ai-precheck,2026-07-17T03:41:27.953526Z
ver_d4ea2179efe89e928a5bbe3e,doc_36e371da85097dcd820a9cb2,Trae,github_issue,NEEDS_REVIEW,"[""NO_DIMENSION_LABEL"", ""CONTENT_TOO_SHORT""]",data/raw/trae/github_issue/20260717T031124Z_6bad9f7c/839647b17d9f215fa8d1b408.json,https://github.com/Trae-AI/TRAE/issues/2538,codex-ai-precheck,2026-07-17T03:41:27.953526Z
ver_6d2288796622dee0db226be5,doc_37da10d95cd8039dff0e5bb5,Trae,github_issue,NEEDS_REVIEW,"[""SENSITIVE_PHONE""]",data/raw/trae/github_issue/20260717T031124Z_6bad9f7c/523aaaf8bbac228d26b50606.json,https://github.com/Trae-AI/TRAE/issues/506,codex-ai-precheck,2026-07-17T03:41:27.953526Z
ver_af4d55cd1a143d8fcc45d07f,doc_3b9eaa81d26ce7b5680a034a,Trae,github_issue,NEEDS_REVIEW,"[""NO_DIMENSION_LABEL"", ""SENSITIVE_PHONE""]",data/raw/trae/github_issue/20260717T031124Z_6bad9f7c/fdf22f0772499a972eb46274.json,https://github.com/Trae-AI/TRAE/issues/461,codex-ai-precheck,2026-07-17T03:41:27.953526Z
ver_6bade08db56afee277b5aad8,doc_3c9d7d06cdeaaefd7fcd48e1,Trae,github_issue,NEEDS_REVIEW,"[""SENSITIVE_PHONE"", ""SENSITIVE_LONG_NUMBER""]",data/raw/trae/github_issue/20260717T031124Z_6bad9f7c/2bbf16445b5cd8fc2d9f1a87.json,https://github.com/Trae-AI/TRAE/issues/2466,codex-ai-precheck,2026-07-17T03:41:27.953526Z
ver_26a959300db068c9cdf9bd8e,doc_40300254355374d2561e2da5,Trae,github_issue,NEEDS_REVIEW,"[""SENSITIVE_PHONE""]",data/raw/trae/github_issue/20260717T031124Z_6bad9f7c/b1e930b5ce5240d6d1dd0615.json,https://github.com/Trae-AI/TRAE/issues/1344,codex-ai-precheck,2026-07-17T03:41:27.953526Z
ver_b6d166356bb7d699be212a87,doc_47003b52474fbd38d20d66e5,Trae,github_issue,NEEDS_REVIEW,"[""NO_DIMENSION_LABEL"", ""SENSITIVE_PHONE""]",data/raw/trae/github_issue/20260717T031124Z_6bad9f7c/b1ce4c014a2e9a56e3d86b46.json,https://github.com/Trae-AI/TRAE/issues/386,codex-ai-precheck,2026-07-17T03:41:27.953526Z
ver_acb2f7f577e539485821af58,doc_4df23f8db80652e129d8ee95,Trae,github_issue,NEEDS_REVIEW,"[""NOISE_REPEATED_LINE"", ""SENSITIVE_PHONE""]",data/raw/trae/github_issue/20260717T031124Z_6bad9f7c/e6f61ab432a94b678e1a9bfd.json,https://github.com/Trae-AI/TRAE/issues/845,codex-ai-precheck,2026-07-17T03:41:27.953526Z
ver_fc71f722418c0e00f47f075d,doc_4ebf7fd12a9f34e6a550bfa0,Trae,github_issue,NEEDS_REVIEW,"[""NO_DIMENSION_LABEL"", ""SENSITIVE_PHONE""]",data/raw/trae/github_issue/20260713T162601Z_fda2c425/b89b3531ee30bd07fae782aa.json,https://github.com/Trae-AI/TRAE/issues/898,codex-ai-precheck,2026-07-17T03:41:27.953526Z
ver_531088be4b9601209eba426f,doc_50a54fdcfae4cb827f99fba1,Trae,github_issue,NEEDS_REVIEW,"[""SENSITIVE_PHONE""]",data/raw/trae/github_issue/20260717T031124Z_6bad9f7c/265b4c3bda9c4a87e81858e6.json,https://github.com/Trae-AI/TRAE/issues/1688,codex-ai-precheck,2026-07-17T03:41:27.953526Z
ver_1359b33f94f09f31b7cbd615,doc_5148a0f5e260d14bee7b01c4,Trae,github_issue,NEEDS_REVIEW,"[""NOISE_REPEATED_LINE"", ""SENSITIVE_PHONE"", ""SENSITIVE_LONG_NUMBER""]",data/raw/trae/github_issue/20260717T031124Z_6bad9f7c/403c2c6cbaaaff43764242ab.json,https://github.com/Trae-AI/TRAE/issues/2181,codex-ai-precheck,2026-07-17T03:41:27.953526Z
ver_9bfbdc5f8e5f97c1242e7b94,doc_5834bfdbb269359afcf535e0,Trae,github_issue,NEEDS_REVIEW,"[""SENSITIVE_PHONE""]",data/raw/trae/github_issue/20260717T031124Z_6bad9f7c/79e42fd6589902b6497a156d.json,https://github.com/Trae-AI/TRAE/issues/747,codex-ai-precheck,2026-07-17T03:41:27.953526Z
ver_5b2e2b88c91a72e3e035cfbf,doc_5ada381e6a2fb31aa64594c7,Trae,github_issue,NEEDS_REVIEW,"[""SENSITIVE_PHONE"", ""SENSITIVE_LONG_NUMBER""]",data/raw/trae/github_issue/20260717T031124Z_6bad9f7c/85c4eda3b2abe833043092fa.json,https://github.com/Trae-AI/TRAE/issues/392,codex-ai-precheck,2026-07-17T03:41:27.953526Z
ver_aec515b6cb7858a017bf1462,doc_6347e116bba12cd3702f6673,Trae,github_issue,NEEDS_REVIEW,"[""SENSITIVE_PHONE""]",data/raw/trae/github_issue/20260713T162601Z_fda2c425/7f3dbbde704ba5ccfe3e2fa9.json,https://github.com/Trae-AI/TRAE/issues/2533,codex-ai-precheck,2026-07-17T03:41:27.953526Z
ver_e3d1bada2d9403667f2d4ec8,doc_6bdc162a54d4a5c6550969e8,Trae,github_issue,NEEDS_REVIEW,"[""SENSITIVE_PHONE""]",data/raw/trae/github_issue/20260717T031124Z_6bad9f7c/e040a164128177ae9e6f2d0b.json,https://github.com/Trae-AI/TRAE/issues/1259,codex-ai-precheck,2026-07-17T03:41:27.953526Z
ver_12d063ac11d8ee9814bd1231,doc_6c01d63c349a08b8e2f411d0,Trae,github_issue,NEEDS_REVIEW,"[""SENSITIVE_PHONE""]",data/raw/trae/github_issue/20260717T031124Z_6bad9f7c/e222d7b15c3c7419df277b7a.json,https://github.com/Trae-AI/TRAE/issues/2554,codex-ai-precheck,2026-07-17T03:41:27.953526Z
ver_c6920ef7eae1e6ead5d7ea7d,doc_6d805d1a165c1eb96d0b9dbd,Trae,github_issue,NEEDS_REVIEW,"[""NO_DIMENSION_LABEL"", ""SENSITIVE_PHONE""]",data/raw/trae/github_issue/20260717T031124Z_6bad9f7c/6c55b331967762504c4c783d.json,https://github.com/Trae-AI/TRAE/issues/362,codex-ai-precheck,2026-07-17T03:41:27.953526Z
ver_4e9988dc18a7b33758adbe9f,doc_6dd53f259c7772b9d880329a,Trae,github_issue,NEEDS_REVIEW,"[""SENSITIVE_PHONE""]",data/raw/trae/github_issue/20260717T031124Z_6bad9f7c/3f6570f1cdf917f40254e910.json,https://github.com/Trae-AI/TRAE/issues/2542,codex-ai-precheck,2026-07-17T03:41:27.953526Z
ver_f50fece9b145425b4cf09788,doc_749ac88299deb5ed53b6f123,Trae,github_issue,NEEDS_REVIEW,"[""SENSITIVE_PHONE""]",data/raw/trae/github_issue/20260717T031124Z_6bad9f7c/14919b8adb5d194ece73c4da.json,https://github.com/Trae-AI/TRAE/issues/2516,codex-ai-precheck,2026-07-17T03:41:27.953526Z
ver_ed5aa4f9bc30818c030574c8,doc_79990e35ed8ce378c4382b6b,Trae,github_issue,NEEDS_REVIEW,"[""SENSITIVE_PHONE""]",data/raw/trae/github_issue/20260717T031124Z_6bad9f7c/2704b5a68e0ebb9e9eba8530.json,https://github.com/Trae-AI/TRAE/issues/1270,codex-ai-precheck,2026-07-17T03:41:27.953526Z
ver_a15c4c4363d0dc33474914c6,doc_829d03626ff12c508ee3de4b,Trae,github_issue,NEEDS_REVIEW,"[""SENSITIVE_PHONE""]",data/raw/trae/github_issue/20260717T031124Z_6bad9f7c/624f62475c26aaf9e3e3e236.json,https://github.com/Trae-AI/TRAE/issues/633,codex-ai-precheck,2026-07-17T03:41:27.953526Z
ver_32aa065365d4c49edd99b834,doc_830150cc05ca000d15b035d0,Trae,github_issue,NEEDS_REVIEW,"[""SENSITIVE_PHONE""]",data/raw/trae/github_issue/20260717T031124Z_6bad9f7c/fa72073c76907b8f007976c6.json,https://github.com/Trae-AI/TRAE/issues/2305,codex-ai-precheck,2026-07-17T03:41:27.953526Z
ver_17b5401bb5face3a68f3dce8,doc_83d0ebc6957be8426236fac1,Trae,github_issue,NEEDS_REVIEW,"[""NOISE_REPEATED_LINE"", ""SENSITIVE_PHONE""]",data/raw/trae/github_issue/20260717T031124Z_6bad9f7c/da745792fd3421e5c02c7961.json,https://github.com/Trae-AI/TRAE/issues/2300,codex-ai-precheck,2026-07-17T03:41:27.953526Z
ver_e64a560164846523b34fb345,doc_84fc01277c7635c75405030f,Trae,github_issue,NEEDS_REVIEW,"[""NO_DIMENSION_LABEL"", ""SENSITIVE_PHONE"", ""SENSITIVE_LONG_NUMBER""]",data/raw/trae/github_issue/20260717T031124Z_6bad9f7c/4d877bfa0a8232c1867d86dc.json,https://github.com/Trae-AI/TRAE/issues/93,codex-ai-precheck,2026-07-17T03:41:27.953526Z
ver_d259f7cf46edaae66674b0dd,doc_85bb5746cfd52a3d92ddfc5c,Trae,github_issue,NEEDS_REVIEW,"[""SENSITIVE_EMAIL"", ""SENSITIVE_PHONE""]",data/raw/trae/github_issue/20260717T031124Z_6bad9f7c/6ccf1afb0f15836677df2b94.json,https://github.com/Trae-AI/TRAE/issues/2031,codex-ai-precheck,2026-07-17T03:41:27.953526Z
ver_0d05505cf815dab67b888baf,doc_88692bcc885e7f37db4a5fa6,Trae,github_issue,NEEDS_REVIEW,"[""SENSITIVE_PHONE""]",data/raw/trae/github_issue/20260717T031124Z_6bad9f7c/49179ffe2192770f7a74161c.json,https://github.com/Trae-AI/TRAE/issues/2512,codex-ai-precheck,2026-07-17T03:41:27.953526Z
ver_e9116a05f3b0c61368399943,doc_88c8c59296837d267cc2a756,Trae,github_issue,NEEDS_REVIEW,"[""NO_DIMENSION_LABEL"", ""CONTENT_TOO_SHORT""]",data/raw/trae/github_issue/20260717T031124Z_6bad9f7c/ef70993043fae56b799539f5.json,https://github.com/Trae-AI/TRAE/issues/2545,codex-ai-precheck,2026-07-17T03:41:27.953526Z
ver_1fc1fd382afc9f9b71bd6d18,doc_8e8f788adda4db05af9a9d70,Trae,github_issue,NEEDS_REVIEW,"[""SENSITIVE_PHONE"", ""SENSITIVE_LONG_NUMBER""]",data/raw/trae/github_issue/20260717T031124Z_6bad9f7c/55d95d27e6a19dc56ac5c9f6.json,https://github.com/Trae-AI/TRAE/issues/1915,codex-ai-precheck,2026-07-17T03:41:27.953526Z
ver_4213f9b8519c834273e5debf,doc_90eca138f9093c28fb3995bf,Trae,github_issue,NEEDS_REVIEW,"[""NO_DIMENSION_LABEL"", ""SENSITIVE_PHONE""]",data/raw/trae/github_issue/20260717T031124Z_6bad9f7c/11a637959a9a11235500a13a.json,https://github.com/Trae-AI/TRAE/issues/425,codex-ai-precheck,2026-07-17T03:41:27.953526Z
ver_215673be6c5cefd656301426,doc_98c16b8a3c93c7dbab290b29,Trae,github_issue,NEEDS_REVIEW,"[""SENSITIVE_PHONE""]",data/raw/trae/github_issue/20260717T031124Z_6bad9f7c/d9d94e16bb228c8646eca4e7.json,https://github.com/Trae-AI/TRAE/issues/1811,codex-ai-precheck,2026-07-17T03:41:27.953526Z
ver_eb4c56f5f9d9f6fd5116ee8c,doc_9cc736059b0dd8986865b056,Trae,github_issue,NEEDS_REVIEW,"[""CONTENT_TOO_SHORT""]",data/raw/trae/github_issue/20260717T031124Z_6bad9f7c/6f6ce7325296a04aa0718ff8.json,https://github.com/Trae-AI/TRAE/issues/2541,codex-ai-precheck,2026-07-17T03:41:27.953526Z
ver_b8a7c6def53caf534c639479,doc_9f0c5c2cbfeacd366f212d78,Trae,github_issue,NEEDS_REVIEW,"[""SENSITIVE_PHONE"", ""SENSITIVE_LONG_NUMBER""]",data/raw/trae/github_issue/20260717T031124Z_6bad9f7c/1ea720a7fdbd9380aa082857.json,https://github.com/Trae-AI/TRAE/issues/2507,codex-ai-precheck,2026-07-17T03:41:27.953526Z
ver_28d263cfd7099d19db99d2e1,doc_9fef69c7cd9e6a21924328ab,Trae,github_issue,NEEDS_REVIEW,"[""SENSITIVE_PHONE""]",data/raw/trae/github_issue/20260717T031124Z_6bad9f7c/84651b08de417d2d2de8bb14.json,https://github.com/Trae-AI/TRAE/issues/579,codex-ai-precheck,2026-07-17T03:41:27.953526Z
ver_f937d42f9818880e3507e24e,doc_a0cdbcaafeb35c72734d0291,Trae,github_issue,NEEDS_REVIEW,"[""SENSITIVE_PHONE""]",data/raw/trae/github_issue/20260717T031124Z_6bad9f7c/d24a46fa66c108c2f167b63a.json,https://github.com/Trae-AI/TRAE/issues/295,codex-ai-precheck,2026-07-17T03:41:27.953526Z
ver_52bb2623e36f65a9858814ac,doc_a28d0719bdd91201eddb126b,Trae,github_issue,NEEDS_REVIEW,"[""SENSITIVE_PHONE""]",data/raw/trae/github_issue/20260717T031124Z_6bad9f7c/7385bc6120d9df43852a108f.json,https://github.com/Trae-AI/TRAE/issues/2530,codex-ai-precheck,2026-07-17T03:41:27.953526Z
ver_f75ea4ed90979a7b0d29811f,doc_a3710a40b6a5b42159780ed9,Trae,github_issue,NEEDS_REVIEW,"[""NO_DIMENSION_LABEL"", ""SENSITIVE_EMAIL""]",data/raw/trae/github_issue/20260717T031124Z_6bad9f7c/ee00a2ff3d12fb05c4be2dc2.json,https://github.com/Trae-AI/TRAE/issues/2546,codex-ai-precheck,2026-07-17T03:41:27.953526Z
ver_9589e76e782fb4dd9439ce3c,doc_a6357539bf2f88db5559b98f,Trae,github_issue,NEEDS_REVIEW,"[""SENSITIVE_PHONE""]",data/raw/trae/github_issue/20260717T031124Z_6bad9f7c/b9c0d526799cfc4914596037.json,https://github.com/Trae-AI/TRAE/issues/1621,codex-ai-precheck,2026-07-17T03:41:27.953526Z
ver_a4d4f55ff8e9b75ad1b08762,doc_a8ea2751bac182130f50a7df,Trae,github_issue,NEEDS_REVIEW,"[""SENSITIVE_PHONE""]",data/raw/trae/github_issue/20260713T162601Z_fda2c425/00f05b74ae64aa3f21ef0f56.json,https://github.com/Trae-AI/TRAE/issues/2351,codex-ai-precheck,2026-07-17T03:41:27.953526Z
ver_6cf5af9f67c9413a4c68785b,doc_a91cc2a565df06aded104073,Trae,github_issue,NEEDS_REVIEW,"[""SENSITIVE_PHONE""]",data/raw/trae/github_issue/20260717T031124Z_6bad9f7c/4d1dbcea5c148a6c7822344e.json,https://github.com/Trae-AI/TRAE/issues/2547,codex-ai-precheck,2026-07-17T03:41:27.953526Z
ver_c6ff1435b627b540ada99f1e,doc_aaf75c8b7bec3235de587e88,Trae,github_issue,NEEDS_REVIEW,"[""NOISE_REPEATED_LINE"", ""SENSITIVE_PHONE""]",data/raw/trae/github_issue/20260717T031124Z_6bad9f7c/c724a96d4240993286e5fe6d.json,https://github.com/Trae-AI/TRAE/issues/2246,codex-ai-precheck,2026-07-17T03:41:27.953526Z
ver_badf18be1e8ad28f1ca1a337,doc_ada17197a0aa0102e3bdb0ac,Trae,github_issue,NEEDS_REVIEW,"[""NO_DIMENSION_LABEL"", ""SENSITIVE_PHONE"", ""SENSITIVE_LONG_NUMBER""]",data/raw/trae/github_issue/20260717T031124Z_6bad9f7c/6aa98dc7121130226c889aaa.json,https://github.com/Trae-AI/TRAE/issues/2455,codex-ai-precheck,2026-07-17T03:41:27.953526Z
ver_250dd7eed321fc65f9ff8d7c,doc_ae0705f671b18e9fac9d9a0e,Trae,github_issue,NEEDS_REVIEW,"[""SENSITIVE_EMAIL"", ""SENSITIVE_PHONE"", ""SENSITIVE_LONG_NUMBER""]",data/raw/trae/github_issue/20260717T031124Z_6bad9f7c/6a0ccd545a0cb1888afb34a3.json,https://github.com/Trae-AI/TRAE/issues/2560,codex-ai-precheck,2026-07-17T03:41:27.953526Z
ver_6f4dbd726aaa909850a050d4,doc_b54734f0569de9cf9442c957,Trae,github_issue,NEEDS_REVIEW,"[""SENSITIVE_PHONE""]",data/raw/trae/github_issue/20260717T031124Z_6bad9f7c/be5bb671e860a3c3e00db072.json,https://github.com/Trae-AI/TRAE/issues/2557,codex-ai-precheck,2026-07-17T03:41:27.953526Z
ver_17288a0102f1a5aa3157fd39,doc_b57bfec5a99b3ddf880b344e,Trae,github_issue,NEEDS_REVIEW,"[""SENSITIVE_PHONE""]",data/raw/trae/github_issue/20260717T031124Z_6bad9f7c/e7591e1be1e187c3ec7b8643.json,https://github.com/Trae-AI/TRAE/issues/1982,codex-ai-precheck,2026-07-17T03:41:27.953526Z
ver_9c425f3fb30478ff10ad3ff7,doc_b93c0351b222dfae71a6dacf,Trae,github_issue,NEEDS_REVIEW,"[""NO_DIMENSION_LABEL"", ""SENSITIVE_EMAIL""]",data/raw/trae/github_issue/20260717T031124Z_6bad9f7c/7aceaf74df5d7854b4cd4128.json,https://github.com/Trae-AI/TRAE/issues/2549,codex-ai-precheck,2026-07-17T03:41:27.953526Z
ver_6df55a798f5cd661a95068fa,doc_bbf3683fd944965fff3427c3,Trae,github_issue,NEEDS_REVIEW,"[""NO_DIMENSION_LABEL""]",data/raw/trae/github_issue/20260717T031124Z_6bad9f7c/4c310a5403aaf2f17dda91e6.json,https://github.com/Trae-AI/TRAE/issues/2558,codex-ai-precheck,2026-07-17T03:41:27.953526Z
ver_d7e45f9616b9a3bce67ab2e3,doc_c2578f6f531ef7ad2f81eed8,Trae,github_issue,NEEDS_REVIEW,"[""SENSITIVE_PHONE"", ""SENSITIVE_LONG_NUMBER""]",data/raw/trae/github_issue/20260717T031124Z_6bad9f7c/46fc234dcc06a763eca3043c.json,https://github.com/Trae-AI/TRAE/issues/2437,codex-ai-precheck,2026-07-17T03:41:27.953526Z
ver_cca309758d5b5086189fbae7,doc_c2ee59c8a6f0bfb866e95139,Trae,github_issue,NEEDS_REVIEW,"[""SENSITIVE_EMAIL"", ""SENSITIVE_PHONE""]",data/raw/trae/github_issue/20260717T031124Z_6bad9f7c/6b471e82d2736935e8870fd0.json,https://github.com/Trae-AI/TRAE/issues/2038,codex-ai-precheck,2026-07-17T03:41:27.953526Z
ver_d490852f5bb884d90d5791ae,doc_c2f91b989ba1c436dd1c6eb3,Trae,github_issue,NEEDS_REVIEW,"[""NO_DIMENSION_LABEL"", ""CONTENT_TOO_SHORT""]",data/raw/trae/github_issue/20260717T031124Z_6bad9f7c/9ed5e5414cd456cf6f132c71.json,https://github.com/Trae-AI/TRAE/issues/2559,codex-ai-precheck,2026-07-17T03:41:27.953526Z
ver_464aec8ea4ccddff6f3c12aa,doc_c54b436bc8f1d5c0261e5e75,Trae,github_issue,NEEDS_REVIEW,"[""SENSITIVE_PHONE""]",data/raw/trae/github_issue/20260717T031124Z_6bad9f7c/8bce43fc7d8933fa5d0cd796.json,https://github.com/Trae-AI/TRAE/issues/1731,codex-ai-precheck,2026-07-17T03:41:27.953526Z
ver_707643655b55f4e63412bff2,doc_c6b6da0bd82771e312d79041,Trae,github_issue,NEEDS_REVIEW,"[""SENSITIVE_PHONE"", ""SENSITIVE_LONG_NUMBER""]",data/raw/trae/github_issue/20260717T031124Z_6bad9f7c/4bfad719974253f6af140082.json,https://github.com/Trae-AI/TRAE/issues/2505,codex-ai-precheck,2026-07-17T03:41:27.953526Z
ver_ee754e88da172d2d6b91330a,doc_cd424f867aa5a7a3670c89a3,Trae,github_issue,NEEDS_REVIEW,"[""SENSITIVE_PHONE""]",data/raw/trae/github_issue/20260717T031124Z_6bad9f7c/ec85f2f59233031434b6989d.json,https://github.com/Trae-AI/TRAE/issues/536,codex-ai-precheck,2026-07-17T03:41:27.953526Z
ver_c5d54041a9459d705b5bf1cb,doc_cdf9f057bc70706b48a96a8a,Trae,github_issue,NEEDS_REVIEW,"[""NO_DIMENSION_LABEL"", ""SENSITIVE_PHONE""]",data/raw/trae/github_issue/20260717T031124Z_6bad9f7c/2bb3657d69c8edbf33af2d5d.json,https://github.com/Trae-AI/TRAE/issues/1061,codex-ai-precheck,2026-07-17T03:41:27.953526Z
ver_8b4c0ed5c6f5d6c3414089d3,doc_d1a9ed5bac1727df7e478c49,Trae,github_issue,NEEDS_REVIEW,"[""CONTENT_TOO_SHORT""]",data/raw/trae/github_issue/20260717T031124Z_6bad9f7c/b97e31a57a4c3e0378315f91.json,https://github.com/Trae-AI/TRAE/issues/2562,codex-ai-precheck,2026-07-17T03:41:27.953526Z
ver_655ce704144520bcdf5a9fce,doc_d230829a8cd7cd0cd7a70f99,Trae,github_issue,NEEDS_REVIEW,"[""SENSITIVE_PHONE""]",data/raw/trae/github_issue/20260717T031124Z_6bad9f7c/12ee8e5d4fce53fe93dffe35.json,https://github.com/Trae-AI/TRAE/issues/1157,codex-ai-precheck,2026-07-17T03:41:27.953526Z
ver_7d2086ed694694636a8f0fa8,doc_d48bee2814f35f4aaa7d9138,Trae,github_issue,NEEDS_REVIEW,"[""NOISE_REPEATED_LINE"", ""SENSITIVE_PHONE"", ""SENSITIVE_LONG_NUMBER""]",data/raw/trae/github_issue/20260717T031124Z_6bad9f7c/5360a40c7dc1b7276d01f7a6.json,https://github.com/Trae-AI/TRAE/issues/1200,codex-ai-precheck,2026-07-17T03:41:27.953526Z
ver_54d5f79e2aca43340c624e9b,doc_d71bf16c5ea68dbe9011e5cd,Trae,github_issue,NEEDS_REVIEW,"[""SENSITIVE_EMAIL"", ""SENSITIVE_PHONE"", ""SENSITIVE_LONG_NUMBER""]",data/raw/trae/github_issue/20260717T031124Z_6bad9f7c/be7e076d28c6176bced24240.json,https://github.com/Trae-AI/TRAE/issues/1525,codex-ai-precheck,2026-07-17T03:41:27.953526Z
ver_236734dd616435f49e2b7503,doc_d7853308d7121d4181fe578a,Trae,github_issue,NEEDS_REVIEW,"[""NO_DIMENSION_LABEL"", ""SENSITIVE_EMAIL"", ""SENSITIVE_PHONE"", ""SENSITIVE_LONG_NUMBER""]",data/raw/trae/github_issue/20260717T031124Z_6bad9f7c/a942e17e13c2273b867d1003.json,https://github.com/Trae-AI/TRAE/issues/1226,codex-ai-precheck,2026-07-17T03:41:27.953526Z
ver_4db86e1d66b9a26038bec8f8,doc_d81bcda913aa93fb6410c9af,Trae,github_issue,NEEDS_REVIEW,"[""SENSITIVE_PHONE""]",data/raw/trae/github_issue/20260717T031124Z_6bad9f7c/af8c97fc2df1881185fc9030.json,https://github.com/Trae-AI/TRAE/issues/2441,codex-ai-precheck,2026-07-17T03:41:27.953526Z
ver_0e6e36ce7379c2ca87026e5b,doc_de1f26a4fb0d790ad4c35ee9,Trae,github_issue,NEEDS_REVIEW,"[""NOISE_REPEATED_LINE"", ""SENSITIVE_PHONE""]",data/raw/trae/github_issue/20260717T031124Z_6bad9f7c/c6a605f67dad7aa327302761.json,https://github.com/Trae-AI/TRAE/issues/1830,codex-ai-precheck,2026-07-17T03:41:27.953526Z
ver_f03d89299994e0e755e7fccd,doc_de2854aa21818a3f2fc86e2e,Trae,github_issue,NEEDS_REVIEW,"[""SENSITIVE_PHONE""]",data/raw/trae/github_issue/20260717T031124Z_6bad9f7c/afe37b4781355beb3ffcc910.json,https://github.com/Trae-AI/TRAE/issues/1022,codex-ai-precheck,2026-07-17T03:41:27.953526Z
ver_77fcd9392075d6b0f6bfd00e,doc_e28c66d359e26d301f89bb00,Trae,github_issue,NEEDS_REVIEW,"[""SENSITIVE_PHONE""]",data/raw/trae/github_issue/20260717T031124Z_6bad9f7c/e2e13d58a4ea580fb4db3d4d.json,https://github.com/Trae-AI/TRAE/issues/2367,codex-ai-precheck,2026-07-17T03:41:27.953526Z
ver_09ce7236462cd444b8e45ee2,doc_e9877ee0243baa12dbaa4f53,Trae,github_issue,NEEDS_REVIEW,"[""NOISE_REPEATED_LINE"", ""SENSITIVE_PHONE""]",data/raw/trae/github_issue/20260717T031124Z_6bad9f7c/3966d8f4f0c5e8a030222e53.json,https://github.com/Trae-AI/TRAE/issues/1126,codex-ai-precheck,2026-07-17T03:41:27.953526Z
ver_8c06c713e94a6cf04cc6d6b8,doc_e9f6ced298ed7ec8549498b2,Trae,github_issue,NEEDS_REVIEW,"[""SENSITIVE_PHONE""]",data/raw/trae/github_issue/20260717T031124Z_6bad9f7c/018cba42cd3a9007da7bb152.json,https://github.com/Trae-AI/TRAE/issues/2536,codex-ai-precheck,2026-07-17T03:41:27.953526Z
ver_f3d7f6b430f44e0be796134c,doc_ea013ca25521bc318b2afe27,Trae,github_issue,NEEDS_REVIEW,"[""SENSITIVE_PHONE""]",data/raw/trae/github_issue/20260717T031124Z_6bad9f7c/02b7d4518141e7afa5b57f42.json,https://github.com/Trae-AI/TRAE/issues/2551,codex-ai-precheck,2026-07-17T03:41:27.953526Z
ver_02c1c106fbbd6d656d13e066,doc_ecd36e9971bd2c8ebc726565,Trae,github_issue,NEEDS_REVIEW,"[""SENSITIVE_EMAIL"", ""SENSITIVE_PHONE""]",data/raw/trae/github_issue/20260717T031124Z_6bad9f7c/b0c755275e23c85e74fbeb94.json,https://github.com/Trae-AI/TRAE/issues/2121,codex-ai-precheck,2026-07-17T03:41:27.953526Z
ver_533b736799a8a43f0b62ce4b,doc_f096de3b4e0bd1f536c8c67d,Trae,github_issue,NEEDS_REVIEW,"[""SENSITIVE_PHONE""]",data/raw/trae/github_issue/20260717T031124Z_6bad9f7c/a1386de56f1a844ba0a182b2.json,https://github.com/Trae-AI/TRAE/issues/2480,codex-ai-precheck,2026-07-17T03:41:27.953526Z
ver_afae7419d664db784474df46,doc_f3492c8590f2d79a2327c063,Trae,github_issue,NEEDS_REVIEW,"[""SENSITIVE_PHONE""]",data/raw/trae/github_issue/20260717T031124Z_6bad9f7c/5ff9fa4496a16d3cbce4e46b.json,https://github.com/Trae-AI/TRAE/issues/1144,codex-ai-precheck,2026-07-17T03:41:27.953526Z
ver_2221fa774128beffa8703544,doc_f4f4e473f47743a2eecb26b8,Trae,github_issue,NEEDS_REVIEW,"[""SENSITIVE_PHONE""]",data/raw/trae/github_issue/20260717T031124Z_6bad9f7c/51b531c175bfd0748cbfc063.json,https://github.com/Trae-AI/TRAE/issues/2473,codex-ai-precheck,2026-07-17T03:41:27.953526Z
ver_14444fa2a1ca2aa20380f6db,doc_f78766064bd5dceae10c82d4,Trae,github_issue,NEEDS_REVIEW,"[""SENSITIVE_PHONE""]",data/raw/trae/github_issue/20260717T031124Z_6bad9f7c/6e3f0cea49179d24994216df.json,https://github.com/Trae-AI/TRAE/issues/2222,codex-ai-precheck,2026-07-17T03:41:27.953526Z
ver_be9548a11777547da766734d,doc_f961a2a5452b9e49f67494e0,Trae,github_issue,NEEDS_REVIEW,"[""SENSITIVE_PHONE""]",data/raw/trae/github_issue/20260717T031124Z_6bad9f7c/918895eb2800b6b8971885f5.json,https://github.com/Trae-AI/TRAE/issues/2184,codex-ai-precheck,2026-07-17T03:41:27.953526Z
ver_e0c26bb125219e6dcafeb306,doc_fb77f8d389a9f67342d64ab8,Trae,github_issue,NEEDS_REVIEW,"[""SENSITIVE_PHONE"", ""SENSITIVE_LONG_NUMBER""]",data/raw/trae/github_issue/20260717T031124Z_6bad9f7c/5fa91fdddab40cb022352bcf.json,https://github.com/Trae-AI/TRAE/issues/2060,codex-ai-precheck,2026-07-17T03:41:27.953526Z
ver_4090a240b27b005191ec5d51,doc_fcda7633a376f65f9159c8c5,Trae,github_issue,NEEDS_REVIEW,"[""NOISE_REPEATED_LINE"", ""SENSITIVE_PHONE""]",data/raw/trae/github_issue/20260717T031124Z_6bad9f7c/fc57e1032221ec52986da7bd.json,https://github.com/Trae-AI/TRAE/issues/2052,codex-ai-precheck,2026-07-17T03:41:27.953526Z
ver_40deac03012a0db7c2606a7d,doc_fef72c3ab98d0e98f6e38d17,Trae,github_issue,NEEDS_REVIEW,"[""SENSITIVE_PHONE""]",data/raw/trae/github_issue/20260717T031124Z_6bad9f7c/25259979014b602be5d01f26.json,https://github.com/Trae-AI/TRAE/issues/2312,codex-ai-precheck,2026-07-17T03:41:27.953526Z
ver_be600e8de5974163d6b93d5d,doc_842463a7603d24fd1c84ffb6,Trae,official_page,NEEDS_REVIEW,"[""NEEDS_BROWSER"", ""CONTENT_TOO_SHORT""]",data/raw/trae/official/20260717T031124Z_6bad9f7c/0ca922e1070bad67f1762b84.html,https://www.trae.ai/,codex-ai-precheck,2026-07-17T03:41:27.953526Z
ver_e8e1c632f7c7de8a70fcee90,doc_5445f3d105e50d526a266b97,Trae,pricing,NEEDS_REVIEW,"[""NOISE_REPEATED_LINE"", ""SENSITIVE_EMAIL""]",data/raw/trae/pricing/20260717T031124Z_6bad9f7c/da6d7b03ea66f86c09da25ce.html,https://www.trae.ai/pricing,codex-ai-precheck,2026-07-17T03:41:27.953526Z
ver_fa077a4f7ff8cfdf1b4ab309,doc_035218ddb25fc14550c77a23,通义灵码,official_changelog,NEEDS_REVIEW,"[""SENSITIVE_PHONE""]",data/raw/tongyi_lingma/changelog/20260717T031124Z_6bad9f7c/ba31e544f6e84900ef86c011.html,https://help.aliyun.com/zh/lingma/qoder-cn-update-log,codex-ai-precheck,2026-07-17T03:41:27.953526Z
ver_f18ccc5a6d3215403a9de520,doc_039c49ae81f4d47a467fca5f,通义灵码,official_changelog,NEEDS_REVIEW,"[""SENSITIVE_PHONE""]",data/raw/tongyi_lingma/changelog/20260717T031124Z_6bad9f7c/ba31e544f6e84900ef86c011.html,https://help.aliyun.com/zh/lingma/qoder-cn-update-log,codex-ai-precheck,2026-07-17T03:41:27.953526Z
ver_a5c03a5cfeb2b5e4ef3e258b,doc_0b947e76af6e3eb47b68fb96,通义灵码,official_changelog,NEEDS_REVIEW,"[""SENSITIVE_PHONE""]",data/raw/tongyi_lingma/changelog/20260717T031124Z_6bad9f7c/ba31e544f6e84900ef86c011.html,https://help.aliyun.com/zh/lingma/qoder-cn-update-log,codex-ai-precheck,2026-07-17T03:41:27.953526Z
ver_8eef39125573afab75a6248a,doc_0d065d8d4db0d94a492a70b2,通义灵码,official_changelog,NEEDS_REVIEW,"[""SENSITIVE_PHONE""]",data/raw/tongyi_lingma/changelog/20260717T031124Z_6bad9f7c/ba31e544f6e84900ef86c011.html,https://help.aliyun.com/zh/lingma/qoder-cn-update-log,codex-ai-precheck,2026-07-17T03:41:27.953526Z
ver_ec68ada8ed62e5a228e0d040,doc_11c6cd08069437b868a8a0b4,通义灵码,official_changelog,NEEDS_REVIEW,"[""SENSITIVE_PHONE""]",data/raw/tongyi_lingma/changelog/20260715T091634Z_26502fc3/88efcb974b26163902565f2d.html,https://help.aliyun.com/zh/lingma/qoderwork-cn-update-log,codex-ai-precheck,2026-07-17T03:41:27.953526Z
ver_98376c45ba9cd0a1d9814db6,doc_11c6cd08069437b868a8a0b4,通义灵码,official_changelog,NEEDS_REVIEW,"[""SENSITIVE_PHONE""]",data/raw/tongyi_lingma/changelog/20260717T031124Z_6bad9f7c/990fcd63c9ba8b0a2117f2fe.html,https://help.aliyun.com/zh/lingma/qoderwork-cn-update-log,codex-ai-precheck,2026-07-17T03:41:27.953526Z
ver_177bd4e85acbddb0412eae60,doc_145849cd111364df2225aa12,通义灵码,official_changelog,NEEDS_REVIEW,"[""CONTENT_TOO_SHORT"", ""SENSITIVE_PHONE""]",data/raw/tongyi_lingma/changelog/20260717T031124Z_6bad9f7c/ba31e544f6e84900ef86c011.html,https://help.aliyun.com/zh/lingma/qoder-cn-update-log,codex-ai-precheck,2026-07-17T03:41:27.953526Z
ver_0b17dac7feab7953ef8ebe5a,doc_1630be7ab505ce0615999c0d,通义灵码,official_changelog,NEEDS_REVIEW,"[""SENSITIVE_PHONE""]",data/raw/tongyi_lingma/changelog/20260717T031124Z_6bad9f7c/ba31e544f6e84900ef86c011.html,https://help.aliyun.com/zh/lingma/qoder-cn-update-log,codex-ai-precheck,2026-07-17T03:41:27.953526Z
ver_982787e67110456b58b9c7b4,doc_16af327ed83d87f6443afbd1,通义灵码,official_changelog,NEEDS_REVIEW,"[""CONTENT_TOO_SHORT"", ""SENSITIVE_PHONE""]",data/raw/tongyi_lingma/changelog/20260717T031124Z_6bad9f7c/ba31e544f6e84900ef86c011.html,https://help.aliyun.com/zh/lingma/qoder-cn-update-log,codex-ai-precheck,2026-07-17T03:41:27.953526Z
ver_6b8a1918156906350a744370,doc_16dca25b303b74da5df3bca7,通义灵码,official_changelog,NEEDS_REVIEW,"[""SENSITIVE_PHONE""]",data/raw/tongyi_lingma/changelog/20260717T031124Z_6bad9f7c/ba31e544f6e84900ef86c011.html,https://help.aliyun.com/zh/lingma/qoder-cn-update-log,codex-ai-precheck,2026-07-17T03:41:27.953526Z
ver_1ebeffc3f9d818529d013f30,doc_19dd8da81cced4ef50663f4b,通义灵码,official_changelog,NEEDS_REVIEW,"[""SENSITIVE_PHONE""]",data/raw/tongyi_lingma/changelog/20260717T031124Z_6bad9f7c/ba31e544f6e84900ef86c011.html,https://help.aliyun.com/zh/lingma/qoder-cn-update-log,codex-ai-precheck,2026-07-17T03:41:27.953526Z
ver_7e9258cad942268b38ddaa00,doc_1a7f97168e8a2dcede25123a,通义灵码,official_changelog,NEEDS_REVIEW,"[""SENSITIVE_PHONE""]",data/raw/tongyi_lingma/changelog/20260717T031124Z_6bad9f7c/ba31e544f6e84900ef86c011.html,https://help.aliyun.com/zh/lingma/qoder-cn-update-log,codex-ai-precheck,2026-07-17T03:41:27.953526Z
ver_cf553ed2213eb638f5fd3ce6,doc_1ac75d96a1e233102f41e565,通义灵码,official_changelog,NEEDS_REVIEW,"[""SENSITIVE_PHONE""]",data/raw/tongyi_lingma/changelog/20260717T031124Z_6bad9f7c/ba31e544f6e84900ef86c011.html,https://help.aliyun.com/zh/lingma/qoder-cn-update-log,codex-ai-precheck,2026-07-17T03:41:27.953526Z
ver_fe799ff418a2ca66fe30ce18,doc_1c9608ed405f67cab508d427,通义灵码,official_changelog,NEEDS_REVIEW,"[""SENSITIVE_PHONE""]",data/raw/tongyi_lingma/changelog/20260717T031124Z_6bad9f7c/990fcd63c9ba8b0a2117f2fe.html,https://help.aliyun.com/zh/lingma/qoderwork-cn-update-log,codex-ai-precheck,2026-07-17T03:41:27.953526Z
ver_114e91569566df87e19776e8,doc_1fde7b05d6807c253d37b1fe,通义灵码,official_changelog,NEEDS_REVIEW,"[""SENSITIVE_PHONE""]",data/raw/tongyi_lingma/changelog/20260717T031124Z_6bad9f7c/ba31e544f6e84900ef86c011.html,https://help.aliyun.com/zh/lingma/qoder-cn-update-log,codex-ai-precheck,2026-07-17T03:41:27.953526Z
ver_0fca6fbee309344763e00c97,doc_21c6a9633cc59c5987ae3f3a,通义灵码,official_changelog,NEEDS_REVIEW,"[""SENSITIVE_PHONE""]",data/raw/tongyi_lingma/changelog/20260717T031124Z_6bad9f7c/9976656287ba47c35ffcbb1c.html,https://help.aliyun.com/zh/lingma/product-overview/qoderwake-cn-update-log,codex-ai-precheck,2026-07-17T03:41:27.953526Z
ver_dec873eda83c04de9f798e7a,doc_25dc2937eec1e94e3d00822c,通义灵码,official_changelog,NEEDS_REVIEW,"[""NO_DIMENSION_LABEL"", ""CONTENT_TOO_SHORT"", ""SENSITIVE_PHONE""]",data/raw/tongyi_lingma/changelog/20260717T031124Z_6bad9f7c/990fcd63c9ba8b0a2117f2fe.html,https://help.aliyun.com/zh/lingma/qoderwork-cn-update-log,codex-ai-precheck,2026-07-17T03:41:27.953526Z
ver_97dd87fcb7b0f8e5a1824de2,doc_26fe9f728524b85c262fd21d,通义灵码,official_changelog,NEEDS_REVIEW,"[""NO_DIMENSION_LABEL"", ""CONTENT_TOO_SHORT"", ""SENSITIVE_PHONE""]",data/raw/tongyi_lingma/changelog/20260717T031124Z_6bad9f7c/990fcd63c9ba8b0a2117f2fe.html,https://help.aliyun.com/zh/lingma/qoderwork-cn-update-log,codex-ai-precheck,2026-07-17T03:41:27.953526Z
ver_f79ed9902a196ab65749ae1e,doc_2a122a9ab371c486614995af,通义灵码,official_changelog,NEEDS_REVIEW,"[""CONTENT_TOO_SHORT""]",data/raw/tongyi_lingma/changelog/20260717T031124Z_6bad9f7c/6972cfe000aa96869c72b34c.html,https://help.aliyun.com/zh/lingma/qoder-cn-cli,codex-ai-precheck,2026-07-17T03:41:27.953526Z
ver_f19d17e40db39d7e20b1871e,doc_2b36a4ea94be961a8f9a5228,通义灵码,official_changelog,NEEDS_REVIEW,"[""SENSITIVE_PHONE""]",data/raw/tongyi_lingma/changelog/20260717T031124Z_6bad9f7c/9976656287ba47c35ffcbb1c.html,https://help.aliyun.com/zh/lingma/product-overview/qoderwake-cn-update-log,codex-ai-precheck,2026-07-17T03:41:27.953526Z
ver_2a8dafccfa90c35f38900978,doc_2c8fc5c7dcf8f1442606e5e5,通义灵码,official_changelog,NEEDS_REVIEW,"[""SENSITIVE_PHONE""]",data/raw/tongyi_lingma/changelog/20260717T031124Z_6bad9f7c/990fcd63c9ba8b0a2117f2fe.html,https://help.aliyun.com/zh/lingma/qoderwork-cn-update-log,codex-ai-precheck,2026-07-17T03:41:27.953526Z
ver_805129f1b0c63116e4921141,doc_2eb599e5b440a011f9be393e,通义灵码,official_changelog,NEEDS_REVIEW,"[""NO_DIMENSION_LABEL"", ""CONTENT_TOO_SHORT""]",data/raw/tongyi_lingma/changelog/20260717T031124Z_6bad9f7c/6972cfe000aa96869c72b34c.html,https://help.aliyun.com/zh/lingma/qoder-cn-cli,codex-ai-precheck,2026-07-17T03:41:27.953526Z
ver_8c0b31aa27218ae75304688c,doc_2f142ef386d64e47dbff3ad2,通义灵码,official_changelog,NEEDS_REVIEW,"[""SENSITIVE_PHONE""]",data/raw/tongyi_lingma/changelog/20260717T031124Z_6bad9f7c/990fcd63c9ba8b0a2117f2fe.html,https://help.aliyun.com/zh/lingma/qoderwork-cn-update-log,codex-ai-precheck,2026-07-17T03:41:27.953526Z
ver_098551e4d58f7c77493b5d30,doc_30eafaf64282ece938bec651,通义灵码,official_changelog,NEEDS_REVIEW,"[""SENSITIVE_PHONE""]",data/raw/tongyi_lingma/changelog/20260717T031124Z_6bad9f7c/ba31e544f6e84900ef86c011.html,https://help.aliyun.com/zh/lingma/qoder-cn-update-log,codex-ai-precheck,2026-07-17T03:41:27.953526Z
ver_4cfa93a33794b293255e6646,doc_331c4222ebeb66faf006eadb,通义灵码,official_changelog,NEEDS_REVIEW,"[""SENSITIVE_PHONE""]",data/raw/tongyi_lingma/changelog/20260717T031124Z_6bad9f7c/ba31e544f6e84900ef86c011.html,https://help.aliyun.com/zh/lingma/qoder-cn-update-log,codex-ai-precheck,2026-07-17T03:41:27.953526Z
ver_a79f3f65d65b81416f9152c7,doc_36d5b09e3470f4f1d2d41bfc,通义灵码,official_changelog,NEEDS_REVIEW,"[""SENSITIVE_PHONE""]",data/raw/tongyi_lingma/changelog/20260717T031124Z_6bad9f7c/ba31e544f6e84900ef86c011.html,https://help.aliyun.com/zh/lingma/qoder-cn-update-log,codex-ai-precheck,2026-07-17T03:41:27.953526Z
ver_750e86748ce613a7a1a8ce1c,doc_370a12826552c776ffd2c713,通义灵码,official_changelog,NEEDS_REVIEW,"[""SENSITIVE_PHONE""]",data/raw/tongyi_lingma/changelog/20260717T031124Z_6bad9f7c/ba31e544f6e84900ef86c011.html,https://help.aliyun.com/zh/lingma/qoder-cn-update-log,codex-ai-precheck,2026-07-17T03:41:27.953526Z
ver_57fea5648c36c21de3356672,doc_37b477f931865246dd06e68b,通义灵码,official_changelog,NEEDS_REVIEW,"[""SENSITIVE_PHONE""]",data/raw/tongyi_lingma/changelog/20260717T031124Z_6bad9f7c/ba31e544f6e84900ef86c011.html,https://help.aliyun.com/zh/lingma/qoder-cn-update-log,codex-ai-precheck,2026-07-17T03:41:27.953526Z
ver_67c091f1e483accc9198bdb1,doc_3c883cd37efaa54d992e7332,通义灵码,official_changelog,NEEDS_REVIEW,"[""SENSITIVE_PHONE""]",data/raw/tongyi_lingma/changelog/20260717T031124Z_6bad9f7c/990fcd63c9ba8b0a2117f2fe.html,https://help.aliyun.com/zh/lingma/qoderwork-cn-update-log,codex-ai-precheck,2026-07-17T03:41:27.953526Z
ver_4e342643061591c20ce65929,doc_3d046e44569dd3ef08732d10,通义灵码,official_changelog,NEEDS_REVIEW,"[""SENSITIVE_PHONE""]",data/raw/tongyi_lingma/changelog/20260717T031124Z_6bad9f7c/ba31e544f6e84900ef86c011.html,https://help.aliyun.com/zh/lingma/qoder-cn-update-log,codex-ai-precheck,2026-07-17T03:41:27.953526Z
ver_2d32b7770eadf1b4088fb37d,doc_3ea18d0a5a27011df96b854f,通义灵码,official_changelog,NEEDS_REVIEW,"[""CONTENT_TOO_SHORT"", ""SENSITIVE_PHONE""]",data/raw/tongyi_lingma/changelog/20260717T031124Z_6bad9f7c/ba31e544f6e84900ef86c011.html,https://help.aliyun.com/zh/lingma/qoder-cn-update-log,codex-ai-precheck,2026-07-17T03:41:27.953526Z
ver_31deda3327892836f0ebe593,doc_3fa5285e843b3cf34f9f78c7,通义灵码,official_changelog,NEEDS_REVIEW,"[""SENSITIVE_PHONE""]",data/raw/tongyi_lingma/changelog/20260717T031124Z_6bad9f7c/990fcd63c9ba8b0a2117f2fe.html,https://help.aliyun.com/zh/lingma/qoderwork-cn-update-log,codex-ai-precheck,2026-07-17T03:41:27.953526Z
ver_2099002196607f22ab12c5a6,doc_414ea9d9d21338f11a55e957,通义灵码,official_changelog,NEEDS_REVIEW,"[""SENSITIVE_PHONE""]",data/raw/tongyi_lingma/changelog/20260717T031124Z_6bad9f7c/ba31e544f6e84900ef86c011.html,https://help.aliyun.com/zh/lingma/qoder-cn-update-log,codex-ai-precheck,2026-07-17T03:41:27.953526Z
ver_909f4210a26301868d6ba45f,doc_4440e26bad279539e1c47908,通义灵码,official_changelog,NEEDS_REVIEW,"[""SENSITIVE_PHONE""]",data/raw/tongyi_lingma/changelog/20260717T031124Z_6bad9f7c/eeaeafa3a9f44080c5939023.html,https://help.aliyun.com/zh/lingma/cloud-agents-cn-update-log,codex-ai-precheck,2026-07-17T03:41:27.953526Z
ver_39d1f95e761c374ccf07a332,doc_457aa4313b7cf116eb12606f,通义灵码,official_changelog,NEEDS_REVIEW,"[""SENSITIVE_PHONE""]",data/raw/tongyi_lingma/changelog/20260717T031124Z_6bad9f7c/9976656287ba47c35ffcbb1c.html,https://help.aliyun.com/zh/lingma/product-overview/qoderwake-cn-update-log,codex-ai-precheck,2026-07-17T03:41:27.953526Z
ver_3dc4c40d51a44cda16f26c35,doc_4ab4149990e20aa5cf41457c,通义灵码,official_changelog,NEEDS_REVIEW,"[""SENSITIVE_PHONE""]",data/raw/tongyi_lingma/changelog/20260717T031124Z_6bad9f7c/ba31e544f6e84900ef86c011.html,https://help.aliyun.com/zh/lingma/qoder-cn-update-log,codex-ai-precheck,2026-07-17T03:41:27.953526Z
ver_2bc4cc171d35116ae686779c,doc_4c5a399f411ba552eb061b99,通义灵码,official_changelog,NEEDS_REVIEW,"[""CONTENT_TOO_SHORT"", ""SENSITIVE_PHONE""]",data/raw/tongyi_lingma/changelog/20260717T031124Z_6bad9f7c/ba31e544f6e84900ef86c011.html,https://help.aliyun.com/zh/lingma/qoder-cn-update-log,codex-ai-precheck,2026-07-17T03:41:27.953526Z
ver_b6aa603870034e9aeeb0904b,doc_50291d8a1a469f6664a81552,通义灵码,official_changelog,NEEDS_REVIEW,"[""SENSITIVE_PHONE""]",data/raw/tongyi_lingma/changelog/20260717T031124Z_6bad9f7c/eeaeafa3a9f44080c5939023.html,https://help.aliyun.com/zh/lingma/cloud-agents-cn-update-log,codex-ai-precheck,2026-07-17T03:41:27.953526Z
ver_3641b4ecf217db7dbe8d93eb,doc_504b1c030970ef43653998ab,通义灵码,official_changelog,NEEDS_REVIEW,"[""CONTENT_TOO_SHORT"", ""SENSITIVE_PHONE""]",data/raw/tongyi_lingma/changelog/20260717T031124Z_6bad9f7c/ba31e544f6e84900ef86c011.html,https://help.aliyun.com/zh/lingma/qoder-cn-update-log,codex-ai-precheck,2026-07-17T03:41:27.953526Z
ver_a4b0c37c1c126e9018223dc2,doc_51d380d8bf671680d0c75084,通义灵码,official_changelog,NEEDS_REVIEW,"[""CONTENT_TOO_SHORT""]",data/raw/tongyi_lingma/changelog/20260717T031124Z_6bad9f7c/6972cfe000aa96869c72b34c.html,https://help.aliyun.com/zh/lingma/qoder-cn-cli,codex-ai-precheck,2026-07-17T03:41:27.953526Z
ver_e962e46b98ff99e40f3c11e7,doc_52138214190f02919b9d9042,通义灵码,official_changelog,NEEDS_REVIEW,"[""SENSITIVE_PHONE""]",data/raw/tongyi_lingma/changelog/20260717T031124Z_6bad9f7c/9976656287ba47c35ffcbb1c.html,https://help.aliyun.com/zh/lingma/product-overview/qoderwake-cn-update-log,codex-ai-precheck,2026-07-17T03:41:27.953526Z
ver_e76d1404d5b4657a716e962a,doc_53db52bb09eba8b69e3677df,通义灵码,official_changelog,NEEDS_REVIEW,"[""CONTENT_TOO_SHORT"", ""SENSITIVE_PHONE""]",data/raw/tongyi_lingma/changelog/20260717T031124Z_6bad9f7c/ba31e544f6e84900ef86c011.html,https://help.aliyun.com/zh/lingma/qoder-cn-update-log,codex-ai-precheck,2026-07-17T03:41:27.953526Z
ver_3f8cd5deff8ee4057a8bcbba,doc_54d05e08b08513f97e0d6d93,通义灵码,official_changelog,NEEDS_REVIEW,"[""SENSITIVE_PHONE""]",data/raw/tongyi_lingma/changelog/20260717T031124Z_6bad9f7c/ba31e544f6e84900ef86c011.html,https://help.aliyun.com/zh/lingma/qoder-cn-update-log,codex-ai-precheck,2026-07-17T03:41:27.953526Z
ver_76d0bace59b18ff0d774164b,doc_5801d411213344576a32ef26,通义灵码,official_changelog,NEEDS_REVIEW,"[""NO_DIMENSION_LABEL"", ""CONTENT_TOO_SHORT"", ""SENSITIVE_PHONE""]",data/raw/tongyi_lingma/changelog/20260717T031124Z_6bad9f7c/ba31e544f6e84900ef86c011.html,https://help.aliyun.com/zh/lingma/qoder-cn-update-log,codex-ai-precheck,2026-07-17T03:41:27.953526Z
ver_eebea9961c5685e3017c2783,doc_5bc216ab79bdeb20b726e158,通义灵码,official_changelog,NEEDS_REVIEW,"[""SENSITIVE_PHONE""]",data/raw/tongyi_lingma/changelog/20260717T031124Z_6bad9f7c/eeaeafa3a9f44080c5939023.html,https://help.aliyun.com/zh/lingma/cloud-agents-cn-update-log,codex-ai-precheck,2026-07-17T03:41:27.953526Z
ver_ac90f8b18ac00366dea35c9f,doc_5df640dbcbcc4c8d6c50aadf,通义灵码,official_changelog,NEEDS_REVIEW,"[""NO_DIMENSION_LABEL""]",data/raw/tongyi_lingma/changelog/20260717T031124Z_6bad9f7c/6972cfe000aa96869c72b34c.html,https://help.aliyun.com/zh/lingma/qoder-cn-cli,codex-ai-precheck,2026-07-17T03:41:27.953526Z
ver_bf01a0778ca3ae78c1d24f8b,doc_60b2c11e96d92b59b04a328c,通义灵码,official_changelog,NEEDS_REVIEW,"[""SENSITIVE_PHONE""]",data/raw/tongyi_lingma/changelog/20260717T031124Z_6bad9f7c/990fcd63c9ba8b0a2117f2fe.html,https://help.aliyun.com/zh/lingma/qoderwork-cn-update-log,codex-ai-precheck,2026-07-17T03:41:27.953526Z
ver_f64ffefbf05e1599186d62e8,doc_657d22370d53c4987cd628ba,通义灵码,official_changelog,NEEDS_REVIEW,"[""CONTENT_TOO_SHORT"", ""SENSITIVE_PHONE""]",data/raw/tongyi_lingma/changelog/20260717T031124Z_6bad9f7c/ba31e544f6e84900ef86c011.html,https://help.aliyun.com/zh/lingma/qoder-cn-update-log,codex-ai-precheck,2026-07-17T03:41:27.953526Z
ver_c2deb5ee24e49a05a112f8d1,doc_677fa13e08cfdecc22507085,通义灵码,official_changelog,NEEDS_REVIEW,"[""SENSITIVE_PHONE""]",data/raw/tongyi_lingma/changelog/20260717T031124Z_6bad9f7c/9976656287ba47c35ffcbb1c.html,https://help.aliyun.com/zh/lingma/product-overview/qoderwake-cn-update-log,codex-ai-precheck,2026-07-17T03:41:27.953526Z
ver_aa789f231d1157ca8808f2db,doc_6bb50b9110096e38ec767784,通义灵码,official_changelog,NEEDS_REVIEW,"[""CONTENT_TOO_SHORT"", ""SENSITIVE_PHONE""]",data/raw/tongyi_lingma/changelog/20260717T031124Z_6bad9f7c/ba31e544f6e84900ef86c011.html,https://help.aliyun.com/zh/lingma/qoder-cn-update-log,codex-ai-precheck,2026-07-17T03:41:27.953526Z
ver_2c4ee64493e748020a941d0a,doc_6c34a846781904ea19cebf8e,通义灵码,official_changelog,NEEDS_REVIEW,"[""SENSITIVE_PHONE""]",data/raw/tongyi_lingma/changelog/20260715T091634Z_26502fc3/88efcb974b26163902565f2d.html,https://help.aliyun.com/zh/lingma/qoderwork-cn-update-log,codex-ai-precheck,2026-07-17T03:41:27.953526Z
ver_1dd26fff414ac8ece6ed89cd,doc_6c34a846781904ea19cebf8e,通义灵码,official_changelog,NEEDS_REVIEW,"[""SENSITIVE_PHONE""]",data/raw/tongyi_lingma/changelog/20260717T031124Z_6bad9f7c/990fcd63c9ba8b0a2117f2fe.html,https://help.aliyun.com/zh/lingma/qoderwork-cn-update-log,codex-ai-precheck,2026-07-17T03:41:27.953526Z
ver_1759694b84741c803a3de971,doc_6f420dda782f65ca0c2144c6,通义灵码,official_changelog,NEEDS_REVIEW,"[""SENSITIVE_PHONE""]",data/raw/tongyi_lingma/changelog/20260717T031124Z_6bad9f7c/ba31e544f6e84900ef86c011.html,https://help.aliyun.com/zh/lingma/qoder-cn-update-log,codex-ai-precheck,2026-07-17T03:41:27.953526Z
ver_14a7cddb74d71e66051a31cb,doc_72dd9d6e0e8bad0274fbea9b,通义灵码,official_changelog,NEEDS_REVIEW,"[""SENSITIVE_PHONE""]",data/raw/tongyi_lingma/changelog/20260717T031124Z_6bad9f7c/ba31e544f6e84900ef86c011.html,https://help.aliyun.com/zh/lingma/qoder-cn-update-log,codex-ai-precheck,2026-07-17T03:41:27.953526Z
ver_4ac6a464c226dfe0774b6659,doc_73c489d2e8ff988d0e7b82fe,通义灵码,official_changelog,NEEDS_REVIEW,"[""SENSITIVE_PHONE""]",data/raw/tongyi_lingma/changelog/20260717T031124Z_6bad9f7c/9976656287ba47c35ffcbb1c.html,https://help.aliyun.com/zh/lingma/product-overview/qoderwake-cn-update-log,codex-ai-precheck,2026-07-17T03:41:27.953526Z
ver_09a657c1ac2db8130701abac,doc_73f4c7e66ec97ca6180c085c,通义灵码,official_changelog,NEEDS_REVIEW,"[""SENSITIVE_PHONE""]",data/raw/tongyi_lingma/changelog/20260717T031124Z_6bad9f7c/ba31e544f6e84900ef86c011.html,https://help.aliyun.com/zh/lingma/qoder-cn-update-log,codex-ai-precheck,2026-07-17T03:41:27.953526Z
ver_04fda0bc6c1cc1a40267b140,doc_779b83602296154b50cd2697,通义灵码,official_changelog,NEEDS_REVIEW,"[""SENSITIVE_PHONE""]",data/raw/tongyi_lingma/changelog/20260717T031124Z_6bad9f7c/ba31e544f6e84900ef86c011.html,https://help.aliyun.com/zh/lingma/qoder-cn-update-log,codex-ai-precheck,2026-07-17T03:41:27.953526Z
ver_f16486e6cf7042c4dd2bc4fc,doc_7e01a9f203a875e9dfd95ce0,通义灵码,official_changelog,NEEDS_REVIEW,"[""CONTENT_TOO_SHORT"", ""SENSITIVE_PHONE""]",data/raw/tongyi_lingma/changelog/20260717T031124Z_6bad9f7c/ba31e544f6e84900ef86c011.html,https://help.aliyun.com/zh/lingma/qoder-cn-update-log,codex-ai-precheck,2026-07-17T03:41:27.953526Z
ver_1c6f4cba2ba66c533195dbd4,doc_7f0bc33c248cf79aa60acd65,通义灵码,official_changelog,NEEDS_REVIEW,"[""CONTENT_TOO_SHORT"", ""SENSITIVE_PHONE""]",data/raw/tongyi_lingma/changelog/20260717T031124Z_6bad9f7c/ba31e544f6e84900ef86c011.html,https://help.aliyun.com/zh/lingma/qoder-cn-update-log,codex-ai-precheck,2026-07-17T03:41:27.953526Z
ver_62966a0d05ee38c7a2be4788,doc_808296aaa0123e994742ae1d,通义灵码,official_changelog,NEEDS_REVIEW,"[""CONTENT_TOO_SHORT"", ""SENSITIVE_PHONE""]",data/raw/tongyi_lingma/changelog/20260717T031124Z_6bad9f7c/ba31e544f6e84900ef86c011.html,https://help.aliyun.com/zh/lingma/qoder-cn-update-log,codex-ai-precheck,2026-07-17T03:41:27.953526Z
ver_c16ed17fc91dd2e44652a31a,doc_816df2034b1cd4535f8e01b4,通义灵码,official_changelog,NEEDS_REVIEW,"[""SENSITIVE_PHONE""]",data/raw/tongyi_lingma/changelog/20260717T031124Z_6bad9f7c/ba31e544f6e84900ef86c011.html,https://help.aliyun.com/zh/lingma/qoder-cn-update-log,codex-ai-precheck,2026-07-17T03:41:27.953526Z
ver_d7f0922091bfbdccb85ce0eb,doc_8674a0796579fc80cf9ba539,通义灵码,official_changelog,NEEDS_REVIEW,"[""SENSITIVE_PHONE""]",data/raw/tongyi_lingma/changelog/20260717T031124Z_6bad9f7c/9976656287ba47c35ffcbb1c.html,https://help.aliyun.com/zh/lingma/product-overview/qoderwake-cn-update-log,codex-ai-precheck,2026-07-17T03:41:27.953526Z
ver_9536aee014fd1325abe43053,doc_881dbe6194c9644d120b8c0d,通义灵码,official_changelog,NEEDS_REVIEW,"[""SENSITIVE_PHONE""]",data/raw/tongyi_lingma/changelog/20260717T031124Z_6bad9f7c/990fcd63c9ba8b0a2117f2fe.html,https://help.aliyun.com/zh/lingma/qoderwork-cn-update-log,codex-ai-precheck,2026-07-17T03:41:27.953526Z
ver_4b2ae0104693b71af18dce70,doc_8cf3be5d9465b0388fb3abbd,通义灵码,official_changelog,NEEDS_REVIEW,"[""CONTENT_TOO_SHORT"", ""SENSITIVE_PHONE""]",data/raw/tongyi_lingma/changelog/20260717T031124Z_6bad9f7c/ba31e544f6e84900ef86c011.html,https://help.aliyun.com/zh/lingma/qoder-cn-update-log,codex-ai-precheck,2026-07-17T03:41:27.953526Z
ver_3f436e2fd66f18eabaaada46,doc_8d6d130c0489935fd07d2713,通义灵码,official_changelog,NEEDS_REVIEW,"[""SENSITIVE_PHONE""]",data/raw/tongyi_lingma/changelog/20260717T031124Z_6bad9f7c/9976656287ba47c35ffcbb1c.html,https://help.aliyun.com/zh/lingma/product-overview/qoderwake-cn-update-log,codex-ai-precheck,2026-07-17T03:41:27.953526Z
ver_0beaf4730b07d297c6754854,doc_8fb00cd44c261d2c0293d949,通义灵码,official_changelog,NEEDS_REVIEW,"[""SENSITIVE_PHONE""]",data/raw/tongyi_lingma/changelog/20260717T031124Z_6bad9f7c/ba31e544f6e84900ef86c011.html,https://help.aliyun.com/zh/lingma/qoder-cn-update-log,codex-ai-precheck,2026-07-17T03:41:27.953526Z
ver_f7f2383823b91079b6f95c74,doc_8ff6e7071dc771a6cf480a53,通义灵码,official_changelog,NEEDS_REVIEW,"[""SENSITIVE_PHONE""]",data/raw/tongyi_lingma/changelog/20260717T031124Z_6bad9f7c/ba31e544f6e84900ef86c011.html,https://help.aliyun.com/zh/lingma/qoder-cn-update-log,codex-ai-precheck,2026-07-17T03:41:27.953526Z
ver_92c45d46e92c3f0bf14f0854,doc_92a81ca31d8e16ecc9766d71,通义灵码,official_changelog,NEEDS_REVIEW,"[""SENSITIVE_PHONE""]",data/raw/tongyi_lingma/changelog/20260717T031124Z_6bad9f7c/9976656287ba47c35ffcbb1c.html,https://help.aliyun.com/zh/lingma/product-overview/qoderwake-cn-update-log,codex-ai-precheck,2026-07-17T03:41:27.953526Z
ver_9eca60fa9c2fb5fbcdd6b6b7,doc_9406b5897f95e722a91c6d78,通义灵码,official_changelog,NEEDS_REVIEW,"[""SENSITIVE_PHONE""]",data/raw/tongyi_lingma/changelog/20260717T031124Z_6bad9f7c/ba31e544f6e84900ef86c011.html,https://help.aliyun.com/zh/lingma/qoder-cn-update-log,codex-ai-precheck,2026-07-17T03:41:27.953526Z
ver_274a1b011e3573213bea3eaa,doc_951e94ba39ad1dbc99759221,通义灵码,official_changelog,NEEDS_REVIEW,"[""SENSITIVE_PHONE""]",data/raw/tongyi_lingma/changelog/20260717T031124Z_6bad9f7c/ba31e544f6e84900ef86c011.html,https://help.aliyun.com/zh/lingma/qoder-cn-update-log,codex-ai-precheck,2026-07-17T03:41:27.953526Z
ver_6d8ae59a725ee68a0d3ff490,doc_95ca6ec7a196dd11c2036527,通义灵码,official_changelog,NEEDS_REVIEW,"[""SENSITIVE_PHONE""]",data/raw/tongyi_lingma/changelog/20260717T031124Z_6bad9f7c/9976656287ba47c35ffcbb1c.html,https://help.aliyun.com/zh/lingma/product-overview/qoderwake-cn-update-log,codex-ai-precheck,2026-07-17T03:41:27.953526Z
ver_f41f70d48131200aa9d723b9,doc_97569508ac5f2961ee335852,通义灵码,official_changelog,NEEDS_REVIEW,"[""SENSITIVE_PHONE""]",data/raw/tongyi_lingma/changelog/20260715T091634Z_26502fc3/88efcb974b26163902565f2d.html,https://help.aliyun.com/zh/lingma/qoderwork-cn-update-log,codex-ai-precheck,2026-07-17T03:41:27.953526Z
ver_b11a2f9c409aad2e43788813,doc_97569508ac5f2961ee335852,通义灵码,official_changelog,NEEDS_REVIEW,"[""SENSITIVE_PHONE""]",data/raw/tongyi_lingma/changelog/20260717T031124Z_6bad9f7c/990fcd63c9ba8b0a2117f2fe.html,https://help.aliyun.com/zh/lingma/qoderwork-cn-update-log,codex-ai-precheck,2026-07-17T03:41:27.953526Z
ver_e65d624750e7f96b868b9e04,doc_9f970a120861fc595aa20285,通义灵码,official_changelog,NEEDS_REVIEW,"[""SENSITIVE_PHONE""]",data/raw/tongyi_lingma/changelog/20260717T031124Z_6bad9f7c/eeaeafa3a9f44080c5939023.html,https://help.aliyun.com/zh/lingma/cloud-agents-cn-update-log,codex-ai-precheck,2026-07-17T03:41:27.953526Z
ver_00819d3a123ba34a732c00ca,doc_a21a4f5298a7e4d198f6bed2,通义灵码,official_changelog,NEEDS_REVIEW,"[""SENSITIVE_PHONE""]",data/raw/tongyi_lingma/changelog/20260717T031124Z_6bad9f7c/ba31e544f6e84900ef86c011.html,https://help.aliyun.com/zh/lingma/qoder-cn-update-log,codex-ai-precheck,2026-07-17T03:41:27.953526Z
ver_8a658251f169e8a276c4ccb3,doc_a3f4bb662398f27eab76fa24,通义灵码,official_changelog,NEEDS_REVIEW,"[""CONTENT_TOO_SHORT""]",data/raw/tongyi_lingma/changelog/20260717T031124Z_6bad9f7c/6972cfe000aa96869c72b34c.html,https://help.aliyun.com/zh/lingma/qoder-cn-cli,codex-ai-precheck,2026-07-17T03:41:27.953526Z
ver_5b2f18f75fa7c5d7df8befc9,doc_a4a7e5b540ac51c90cf69627,通义灵码,official_changelog,NEEDS_REVIEW,"[""SENSITIVE_PHONE""]",data/raw/tongyi_lingma/changelog/20260717T031124Z_6bad9f7c/9976656287ba47c35ffcbb1c.html,https://help.aliyun.com/zh/lingma/product-overview/qoderwake-cn-update-log,codex-ai-precheck,2026-07-17T03:41:27.953526Z
ver_af071730f22d84aca8e44dba,doc_a4c918df1f33e0b6f6ae65fb,通义灵码,official_changelog,NEEDS_REVIEW,"[""SENSITIVE_PHONE""]",data/raw/tongyi_lingma/changelog/20260717T031124Z_6bad9f7c/9976656287ba47c35ffcbb1c.html,https://help.aliyun.com/zh/lingma/product-overview/qoderwake-cn-update-log,codex-ai-precheck,2026-07-17T03:41:27.953526Z
ver_415dd8a778f4c920a1428a40,doc_a6bee60600e17dcfdc5a936f,通义灵码,official_changelog,NEEDS_REVIEW,"[""CONTENT_TOO_SHORT"", ""SENSITIVE_PHONE""]",data/raw/tongyi_lingma/changelog/20260717T031124Z_6bad9f7c/ba31e544f6e84900ef86c011.html,https://help.aliyun.com/zh/lingma/qoder-cn-update-log,codex-ai-precheck,2026-07-17T03:41:27.953526Z
ver_de4b07556fb01ca551258c9b,doc_a76a16a89e7b5122a6a509cd,通义灵码,official_changelog,NEEDS_REVIEW,"[""SENSITIVE_PHONE""]",data/raw/tongyi_lingma/changelog/20260717T031124Z_6bad9f7c/eeaeafa3a9f44080c5939023.html,https://help.aliyun.com/zh/lingma/cloud-agents-cn-update-log,codex-ai-precheck,2026-07-17T03:41:27.953526Z
ver_d8da5be752222966b20060a1,doc_a97dae4fe88ac63977ad700d,通义灵码,official_changelog,NEEDS_REVIEW,"[""CONTENT_TOO_SHORT"", ""SENSITIVE_PHONE""]",data/raw/tongyi_lingma/changelog/20260717T031124Z_6bad9f7c/ba31e544f6e84900ef86c011.html,https://help.aliyun.com/zh/lingma/qoder-cn-update-log,codex-ai-precheck,2026-07-17T03:41:27.953526Z
ver_9a48f230577f9815db8296d8,doc_acb6eda5c5655b14ac12ec8e,通义灵码,official_changelog,NEEDS_REVIEW,"[""SENSITIVE_PHONE""]",data/raw/tongyi_lingma/changelog/20260717T031124Z_6bad9f7c/990fcd63c9ba8b0a2117f2fe.html,https://help.aliyun.com/zh/lingma/qoderwork-cn-update-log,codex-ai-precheck,2026-07-17T03:41:27.953526Z
ver_466c28dba428ba7b55c0b020,doc_acede89b122c9d74d76c3895,通义灵码,official_changelog,NEEDS_REVIEW,"[""CONTENT_TOO_SHORT"", ""SENSITIVE_PHONE""]",data/raw/tongyi_lingma/changelog/20260717T031124Z_6bad9f7c/ba31e544f6e84900ef86c011.html,https://help.aliyun.com/zh/lingma/qoder-cn-update-log,codex-ai-precheck,2026-07-17T03:41:27.953526Z
ver_85cc65d8b83ee6e4039a9f45,doc_b86203cbcd3a715b5d8334a5,通义灵码,official_changelog,NEEDS_REVIEW,"[""CONTENT_TOO_SHORT"", ""SENSITIVE_PHONE""]",data/raw/tongyi_lingma/changelog/20260717T031124Z_6bad9f7c/ba31e544f6e84900ef86c011.html,https://help.aliyun.com/zh/lingma/qoder-cn-update-log,codex-ai-precheck,2026-07-17T03:41:27.953526Z
ver_e2a47586537c659eae336a14,doc_ba83269731aed16103a85865,通义灵码,official_changelog,NEEDS_REVIEW,"[""SENSITIVE_PHONE""]",data/raw/tongyi_lingma/changelog/20260717T031124Z_6bad9f7c/990fcd63c9ba8b0a2117f2fe.html,https://help.aliyun.com/zh/lingma/qoderwork-cn-update-log,codex-ai-precheck,2026-07-17T03:41:27.953526Z
ver_fe103170a9b9b7a74bde735b,doc_bd200da269f7c210c009d7d5,通义灵码,official_changelog,NEEDS_REVIEW,"[""NO_DIMENSION_LABEL"", ""SENSITIVE_PHONE""]",data/raw/tongyi_lingma/changelog/20260717T031124Z_6bad9f7c/ba31e544f6e84900ef86c011.html,https://help.aliyun.com/zh/lingma/qoder-cn-update-log,codex-ai-precheck,2026-07-17T03:41:27.953526Z
ver_f38b1d36ceeb66fff0b649f5,doc_c1a73d451e2291b639f5add7,通义灵码,official_changelog,NEEDS_REVIEW,"[""SENSITIVE_PHONE""]",data/raw/tongyi_lingma/changelog/20260717T031124Z_6bad9f7c/990fcd63c9ba8b0a2117f2fe.html,https://help.aliyun.com/zh/lingma/qoderwork-cn-update-log,codex-ai-precheck,2026-07-17T03:41:27.953526Z
ver_cefe51b76a7aec9949082bc3,doc_c8471885d2ff163a089c45eb,通义灵码,official_changelog,NEEDS_REVIEW,"[""CONTENT_TOO_SHORT""]",data/raw/tongyi_lingma/changelog/20260717T031124Z_6bad9f7c/6972cfe000aa96869c72b34c.html,https://help.aliyun.com/zh/lingma/qoder-cn-cli,codex-ai-precheck,2026-07-17T03:41:27.953526Z
ver_044b142ce8fed7d9124c5bf1,doc_d0d7d56863b04f86da2d79fc,通义灵码,official_changelog,NEEDS_REVIEW,"[""SENSITIVE_PHONE""]",data/raw/tongyi_lingma/changelog/20260717T031124Z_6bad9f7c/ba31e544f6e84900ef86c011.html,https://help.aliyun.com/zh/lingma/qoder-cn-update-log,codex-ai-precheck,2026-07-17T03:41:27.953526Z
ver_8b5bed280bdf2f9c79e5cb52,doc_d158ab94fc815e7b9c9635ea,通义灵码,official_changelog,NEEDS_REVIEW,"[""SENSITIVE_PHONE""]",data/raw/tongyi_lingma/changelog/20260717T031124Z_6bad9f7c/ba31e544f6e84900ef86c011.html,https://help.aliyun.com/zh/lingma/qoder-cn-update-log,codex-ai-precheck,2026-07-17T03:41:27.953526Z
ver_45ca5171e03245afeade1ca9,doc_d2e3f0afe1d74f95d58a0430,通义灵码,official_changelog,NEEDS_REVIEW,"[""SENSITIVE_PHONE""]",data/raw/tongyi_lingma/changelog/20260717T031124Z_6bad9f7c/eeaeafa3a9f44080c5939023.html,https://help.aliyun.com/zh/lingma/cloud-agents-cn-update-log,codex-ai-precheck,2026-07-17T03:41:27.953526Z
ver_d693e8d7f2daae2e2e869a44,doc_d3a858d089ca186cf76e4065,通义灵码,official_changelog,NEEDS_REVIEW,"[""SENSITIVE_PHONE""]",data/raw/tongyi_lingma/changelog/20260717T031124Z_6bad9f7c/ba31e544f6e84900ef86c011.html,https://help.aliyun.com/zh/lingma/qoder-cn-update-log,codex-ai-precheck,2026-07-17T03:41:27.953526Z
ver_469234184355949ab3590a62,doc_d72dcb17eef0b2e58bdb6ed0,通义灵码,official_changelog,NEEDS_REVIEW,"[""SENSITIVE_PHONE""]",data/raw/tongyi_lingma/changelog/20260717T031124Z_6bad9f7c/9976656287ba47c35ffcbb1c.html,https://help.aliyun.com/zh/lingma/product-overview/qoderwake-cn-update-log,codex-ai-precheck,2026-07-17T03:41:27.953526Z
ver_d3412e0587d803a8a88124be,doc_d92fdb218050553ee381e1b3,通义灵码,official_changelog,NEEDS_REVIEW,"[""SENSITIVE_PHONE""]",data/raw/tongyi_lingma/changelog/20260717T031124Z_6bad9f7c/eeaeafa3a9f44080c5939023.html,https://help.aliyun.com/zh/lingma/cloud-agents-cn-update-log,codex-ai-precheck,2026-07-17T03:41:27.953526Z
ver_7c5e5bab173b9d5149a8a636,doc_d9c89fa7f22a41f37c5ee144,通义灵码,official_changelog,NEEDS_REVIEW,"[""CONTENT_TOO_SHORT"", ""SENSITIVE_PHONE""]",data/raw/tongyi_lingma/changelog/20260717T031124Z_6bad9f7c/ba31e544f6e84900ef86c011.html,https://help.aliyun.com/zh/lingma/qoder-cn-update-log,codex-ai-precheck,2026-07-17T03:41:27.953526Z
ver_5c02dc6b2e7fdd9c0c8245d2,doc_df585ef5f9009ec9539200c1,通义灵码,official_changelog,NEEDS_REVIEW,"[""SENSITIVE_PHONE""]",data/raw/tongyi_lingma/changelog/20260717T031124Z_6bad9f7c/ba31e544f6e84900ef86c011.html,https://help.aliyun.com/zh/lingma/qoder-cn-update-log,codex-ai-precheck,2026-07-17T03:41:27.953526Z
ver_82998d47f21f61d7fde5d413,doc_e0a135db82cea6e3187869f1,通义灵码,official_changelog,NEEDS_REVIEW,"[""SENSITIVE_PHONE""]",data/raw/tongyi_lingma/changelog/20260717T031124Z_6bad9f7c/990fcd63c9ba8b0a2117f2fe.html,https://help.aliyun.com/zh/lingma/qoderwork-cn-update-log,codex-ai-precheck,2026-07-17T03:41:27.953526Z
ver_bc9e295af1bff72491d72b52,doc_e4e44de10758682331cde99f,通义灵码,official_changelog,NEEDS_REVIEW,"[""NO_DIMENSION_LABEL"", ""SENSITIVE_PHONE""]",data/raw/tongyi_lingma/changelog/20260717T031124Z_6bad9f7c/9976656287ba47c35ffcbb1c.html,https://help.aliyun.com/zh/lingma/product-overview/qoderwake-cn-update-log,codex-ai-precheck,2026-07-17T03:41:27.953526Z
ver_4eb374a79db240747d1686dc,doc_e78e2d419be32a46abe3b157,通义灵码,official_changelog,NEEDS_REVIEW,"[""NO_DIMENSION_LABEL""]",data/raw/tongyi_lingma/changelog/20260717T031124Z_6bad9f7c/6972cfe000aa96869c72b34c.html,https://help.aliyun.com/zh/lingma/qoder-cn-cli,codex-ai-precheck,2026-07-17T03:41:27.953526Z
ver_bb52fd278eb9ce082bb03673,doc_e8cc193ab155a7203eb1379f,通义灵码,official_changelog,NEEDS_REVIEW,"[""SENSITIVE_PHONE""]",data/raw/tongyi_lingma/changelog/20260717T031124Z_6bad9f7c/990fcd63c9ba8b0a2117f2fe.html,https://help.aliyun.com/zh/lingma/qoderwork-cn-update-log,codex-ai-precheck,2026-07-17T03:41:27.953526Z
ver_d0b13c52a53f6adb6ac7fbc5,doc_e93aef67656e3919dc9e77ed,通义灵码,official_changelog,NEEDS_REVIEW,"[""SENSITIVE_PHONE""]",data/raw/tongyi_lingma/changelog/20260717T031124Z_6bad9f7c/ba31e544f6e84900ef86c011.html,https://help.aliyun.com/zh/lingma/qoder-cn-update-log,codex-ai-precheck,2026-07-17T03:41:27.953526Z
ver_3700c16f641296330d603e92,doc_eb654523280f2c1e7b294ffe,通义灵码,official_changelog,NEEDS_REVIEW,"[""SENSITIVE_PHONE""]",data/raw/tongyi_lingma/changelog/20260717T031124Z_6bad9f7c/eeaeafa3a9f44080c5939023.html,https://help.aliyun.com/zh/lingma/cloud-agents-cn-update-log,codex-ai-precheck,2026-07-17T03:41:27.953526Z
ver_aa0724552addd6b6f1a56e9d,doc_ebff5cc4c645837a8a430b97,通义灵码,official_changelog,NEEDS_REVIEW,"[""NO_DIMENSION_LABEL"", ""CONTENT_TOO_SHORT"", ""SENSITIVE_PHONE""]",data/raw/tongyi_lingma/changelog/20260717T031124Z_6bad9f7c/ba31e544f6e84900ef86c011.html,https://help.aliyun.com/zh/lingma/qoder-cn-update-log,codex-ai-precheck,2026-07-17T03:41:27.953526Z
ver_6d3662b0a27923bdf0731f7e,doc_ec16ab68e3ba8a5d60746234,通义灵码,official_changelog,NEEDS_REVIEW,"[""CONTENT_TOO_SHORT""]",data/raw/tongyi_lingma/changelog/20260717T031124Z_6bad9f7c/6972cfe000aa96869c72b34c.html,https://help.aliyun.com/zh/lingma/qoder-cn-cli,codex-ai-precheck,2026-07-17T03:41:27.953526Z
ver_d3df788c3d9446b32307d1e9,doc_f05c8fe8396b83b527eaa1b4,通义灵码,official_changelog,NEEDS_REVIEW,"[""SENSITIVE_PHONE""]",data/raw/tongyi_lingma/changelog/20260715T091634Z_26502fc3/88efcb974b26163902565f2d.html,https://help.aliyun.com/zh/lingma/qoderwork-cn-update-log,codex-ai-precheck,2026-07-17T03:41:27.953526Z
ver_613ee76b5b6c1d27443f598c,doc_f05c8fe8396b83b527eaa1b4,通义灵码,official_changelog,NEEDS_REVIEW,"[""SENSITIVE_PHONE""]",data/raw/tongyi_lingma/changelog/20260717T031124Z_6bad9f7c/990fcd63c9ba8b0a2117f2fe.html,https://help.aliyun.com/zh/lingma/qoderwork-cn-update-log,codex-ai-precheck,2026-07-17T03:41:27.953526Z
ver_3466dba173e6ab2192508897,doc_f06ecc6eef0673bdbb2e0f33,通义灵码,official_changelog,NEEDS_REVIEW,"[""CONTENT_TOO_SHORT"", ""SENSITIVE_PHONE""]",data/raw/tongyi_lingma/changelog/20260717T031124Z_6bad9f7c/ba31e544f6e84900ef86c011.html,https://help.aliyun.com/zh/lingma/qoder-cn-update-log,codex-ai-precheck,2026-07-17T03:41:27.953526Z
ver_e24625f193f9ee74f9abe5c3,doc_f2a078fb46790d12b2185ca7,通义灵码,official_changelog,NEEDS_REVIEW,"[""SENSITIVE_PHONE""]",data/raw/tongyi_lingma/changelog/20260717T031124Z_6bad9f7c/ba31e544f6e84900ef86c011.html,https://help.aliyun.com/zh/lingma/qoder-cn-update-log,codex-ai-precheck,2026-07-17T03:41:27.953526Z
ver_6a4b42bd91b8d8e433979e8d,doc_f2b4bdf18dc4e7d71964bf21,通义灵码,official_changelog,NEEDS_REVIEW,"[""SENSITIVE_PHONE""]",data/raw/tongyi_lingma/changelog/20260717T031124Z_6bad9f7c/ba31e544f6e84900ef86c011.html,https://help.aliyun.com/zh/lingma/qoder-cn-update-log,codex-ai-precheck,2026-07-17T03:41:27.953526Z
ver_379d26d00e8c9c31d2d25ead,doc_f2ca59e1d3f84ff5d5164df0,通义灵码,official_changelog,NEEDS_REVIEW,"[""SENSITIVE_PHONE""]",data/raw/tongyi_lingma/changelog/20260717T031124Z_6bad9f7c/990fcd63c9ba8b0a2117f2fe.html,https://help.aliyun.com/zh/lingma/qoderwork-cn-update-log,codex-ai-precheck,2026-07-17T03:41:27.953526Z
ver_e5ac444b282378c062f837b7,doc_f488521342bdc46668e4ffbe,通义灵码,official_changelog,NEEDS_REVIEW,"[""CONTENT_TOO_SHORT"", ""SENSITIVE_PHONE""]",data/raw/tongyi_lingma/changelog/20260717T031124Z_6bad9f7c/ba31e544f6e84900ef86c011.html,https://help.aliyun.com/zh/lingma/qoder-cn-update-log,codex-ai-precheck,2026-07-17T03:41:27.953526Z
ver_9b92ebb89e65ef99ec2820e9,doc_f6c1b1fb020f5b92032f7352,通义灵码,official_changelog,NEEDS_REVIEW,"[""SENSITIVE_PHONE""]",data/raw/tongyi_lingma/changelog/20260717T031124Z_6bad9f7c/9976656287ba47c35ffcbb1c.html,https://help.aliyun.com/zh/lingma/product-overview/qoderwake-cn-update-log,codex-ai-precheck,2026-07-17T03:41:27.953526Z
ver_d6e74121f2ec7eac1f03ff2e,doc_f85d6ef5ffedaac4b8c6e424,通义灵码,official_changelog,NEEDS_REVIEW,"[""CONTENT_TOO_SHORT"", ""SENSITIVE_PHONE""]",data/raw/tongyi_lingma/changelog/20260717T031124Z_6bad9f7c/ba31e544f6e84900ef86c011.html,https://help.aliyun.com/zh/lingma/qoder-cn-update-log,codex-ai-precheck,2026-07-17T03:41:27.953526Z
ver_4837c6cccda68dc7e8da73e9,doc_fbf9f09045127600cf4c75b4,通义灵码,official_changelog,NEEDS_REVIEW,"[""SENSITIVE_PHONE""]",data/raw/tongyi_lingma/changelog/20260717T031124Z_6bad9f7c/ba31e544f6e84900ef86c011.html,https://help.aliyun.com/zh/lingma/qoder-cn-update-log,codex-ai-precheck,2026-07-17T03:41:27.953526Z
ver_5bf9cdee840477519d0efc35,doc_718761b281eaa91de36c7030,通义灵码,pricing,NEEDS_REVIEW,"[""SENSITIVE_EMAIL""]",data/raw/tongyi_lingma/pricing/20260717T031124Z_6bad9f7c/533f5feddb05f695d34997ef.html,https://help.aliyun.com/zh/lingma/product-overview/billing-description,codex-ai-precheck,2026-07-17T03:41:27.953526Z
